标题,链接,类别,发布时间
《2025年稳外资行动方案》有何突出特点？商务部介绍,https://www.chinanews.com.cn/cj/2025/02-20/10371411.shtml,财经,2-20 11:12
截至2024年底 外商累计在华投资设立的企业超123.9万家,https://www.chinanews.com.cn/cj/2025/02-20/10371423.shtml,财经,2-20 11:09
2025年度空军招飞定选工作全面启动 人工智能辅助招飞定选,https://www.chinanews.com.cn/gn/2025/02-20/10371435.shtml,时政,2-20 11:07
中方：从未参与巴拿马运河管理运营、从不插手运河事务,https://www.chinanews.com.cn/hr/2025/02-20/10371405.shtml,华人,2-20 11:04
最高法发布依法惩治虚假诉讼犯罪典型案例,https://www.chinanews.com.cn/gn/2025/02-20/10371401.shtml,时政,2-20 11:01
尹锡悦涉内乱刑事案审判程序启动 尹锡悦出庭,https://www.chinanews.com.cn/gj/2025/02-20/10371422.shtml,国际,2-20 10:59
福建全省统战部长会议在福州召开,https://www.chinanews.com.cn/gn/2025/02-20/10371402.shtml,时政,2-20 10:59
泰国接收一批从缅甸电诈园区遣送出的中国公民,https://www.chinanews.com.cn/gj/2025/02-20/10371430.shtml,国际,2-20 10:57
多人遭遇“老铺黄金假代购骗局”：骗子伪装成买家找代购，用代购给的小票骗真买家付钱,https://www.chinanews.com.cn/sh/2025/02-20/10371427.shtml,社会,2-20 10:54
世界老乡@义乌｜义乌靠啥让全球客商“心动”？,https://www.chinanews.com.cn/chuangyi/2025/02-20/10371399.shtml,创意,2-20 10:53
最高检：将研究出台低龄未成年人严重暴力犯罪核准追诉意见,https://www.chinanews.com.cn/fz/2025/02-20/10371424.shtml,法治,2-20 10:52
郭艾伦右眼被手指戳伤 结膜裂伤视力会受影响吗？,https://www.chinanews.com.cn/jk/2025/02-20/10371419.shtml,健康,2-20 10:48
禽流感引发鸡蛋价格飙升 美国政府拟推新的防控战略,https://www.chinanews.com.cn/gj/2025/02-20/10371420.shtml,国际,2-20 10:48
来华捐赠日军侵华照片 法国小伙重走外祖父之路,https://www.chinanews.com.cn/sh/2025/02-20/10371418.shtml,社会,2-20 10:46
山西省安委办挂牌督办“2·16”较大道路交通事故,https://www.chinanews.com.cn/gn/2025/02-20/10371400.shtml,时政,2-20 10:44
多地“车路云一体化”开年提速 更高级的自动驾驶有望驶入快车道,https://www.chinanews.com.cn/cj/2025/02-20/10371414.shtml,财经,2-20 10:42
全国首个AI儿科医生“上岗”,https://www.chinanews.com.cn/jk/2025/02-20/10371410.shtml,健康,2-20 10:39
特朗普称泽连斯基为“独裁者”,https://www.chinanews.com.cn/gj/2025/02-20/10371406.shtml,国际,2-20 10:38
非洲电影先驱苏莱曼·西塞去世,https://www.chinanews.com.cn/gj/2025/02-20/10371390.shtml,国际,2-20 10:38
“以旧换新”带动回收拆解量双增长 废旧家电咋处理,https://www.chinanews.com.cn/cj/2025/02-20/10371409.shtml,财经,2-20 10:38
国际最新研发出一款人工智能工具 可协助迭代设计电子游戏,https://www.chinanews.com.cn/gj/2025/02-20/10371378.shtml,国际,2-20 10:37
“AI医生”已进入广东医院 DeepSeek能替代医生吗？,https://www.chinanews.com.cn/jk/2025/02-20/10371404.shtml,健康,2-20 10:31
“套壳”DeepSeek卖卖卖 是谁收了“AI焦虑税”？,https://www.chinanews.com.cn/cj/2025/02-20/10371403.shtml,财经,2-20 10:31
2024年检察机关办理涉房地产纠纷民事检察监督案件1万余件,https://www.chinanews.com.cn/gn/2025/02-20/10371397.shtml,时政,2-20 10:27
河北邢台一局长酒后砸店伤人？官方：已停职 立案调查,https://www.chinanews.com.cn/sh/2025/02-20/10371396.shtml,社会,2-20 10:18
赖清德又给美国奉上一笔“保护费”？,https://www.chinanews.com.cn/gn/2025/02-20/10371380.shtml,时政,2-20 10:11
2月20日人民币对美元中间价报7.1712元 下调7个基点,https://www.chinanews.com.cn/cj/2025/02-20/10371377.shtml,财经,2-20 10:08
美联储警告！特朗普关税政策或推高美国通胀,https://www.chinanews.com.cn/cj/2025/02-20/10371361.shtml,财经,2-20 10:06
欧盟准备与美国讨论降低汽车关税,https://www.chinanews.com.cn/cj/2025/02-20/10371362.shtml,财经,2-20 10:03
特朗普考虑将政府削减开支节省的20%发给美国人,https://www.chinanews.com.cn/cj/2025/02-20/10371359.shtml,财经,2-20 10:01
“比价神器”上线，买药必看！,https://www.chinanews.com.cn/jk/2025/02-20/10371395.shtml,健康,2-20 10:01
【光明时评】发展冰雪经济 打造服务消费新亮点,https://www.chinanews.com.cn/ll/2025/02-20/10371392.shtml,理论,2-20 10:00
【光明论坛】推进科技创新与产业创新深度融合,https://www.chinanews.com.cn/ll/2025/02-20/10371393.shtml,理论,2-20 10:00
中新健康｜热门减肥药可致失明？诺和诺德、礼来回应,https://www.chinanews.com.cn/life/2025/02-20/10371381.shtml,生活,2-20 09:58
挑选演员期间猥亵未成年人，郑某某被刑事拘留,https://www.chinanews.com.cn/sh/2025/02-20/10371385.shtml,社会,2-20 09:56
体育教师存在结构性紧缺 新课表中体育课没达标如何破解？,https://www.chinanews.com.cn/edu/2025/02-20/10371388.shtml,教育,2-20 09:55
跳出此山放眼观（人民论坛）,https://www.chinanews.com.cn/ll/2025/02-20/10371391.shtml,理论,2-20 09:55
“赏花经济”带动文旅市场春潮涌动 为城乡消费注入蓬勃动能,https://www.chinanews.com.cn/cj/2025/02-20/10371386.shtml,财经,2-20 09:53
开学焦虑？专家揭秘四“心”法则，助孩子快速适应新学期,https://www.chinanews.com.cn/jk/2025/02-20/10371384.shtml,健康,2-20 09:52
【代表委员履职故事】孙东明：进一步激发民营企业科技创新活力,https://www.chinanews.com.cn/sh/2025/02-20/10371382.shtml,社会,2-20 09:51
数说大湾区｜10700公里路网背后的“齿轮效应”,https://www.chinanews.com.cn/dwq/2025/02-20/10371379.shtml,湾区,2-20 09:47
手绘漫画｜追光而行，谱写奋进中国壮美华章,https://www.chinanews.com.cn/gn/2025/02-20/10371376.shtml,时政,2-20 09:44
2月21日起个税年度汇算可以预约办理啦！“三步走”教你如何操作,https://www.chinanews.com.cn/cj/2025/02-20/10371375.shtml,财经,2-20 09:44
小香菇做成大产业 务工车间开到家门口！来看脱贫村里新气象,https://www.chinanews.com.cn/cj/2025/02-20/10371374.shtml,财经,2-20 09:41
适当减产稳定粮价？如饮鸩止渴不可取！,https://www.chinanews.com.cn/cj/2025/02-20/10371373.shtml,财经,2-20 09:41
中国驻以色列使馆提醒：出国务工应走正规渠道,https://www.chinanews.com.cn/hr/2025/02-20/10371367.shtml,华人,2-20 09:40
焦点访谈｜连续15年全球第一！我国造船业缘何能领跑全球,https://www.chinanews.com.cn/cj/2025/02-20/10371371.shtml,财经,2-20 09:39
持续回暖！一线城市商品房售价环比继续上涨,https://www.chinanews.com.cn/cj/2025/02-20/10371370.shtml,财经,2-20 09:39
多部门将出台举措促进民营经济发展,https://www.chinanews.com.cn/cj/2025/02-20/10371368.shtml,财经,2-20 09:38
"""杭州六小龙""火爆出圈 怎样投出更多""小龙""",https://www.chinanews.com.cn/cj/2025/02-20/10371365.shtml,财经,2-20 09:37
农技人员把“麦”问诊 “面对面+手把手”助力春耕,https://www.chinanews.com.cn/sh/2025/02-20/10371364.shtml,社会,2-20 09:36
黄金回购升温，赶快卖还是接着买？,https://www.chinanews.com.cn/cj/2025/02-20/10371363.shtml,财经,2-20 09:36
子女拒绝赡养，老人将资产赠与扶养人是否有效？,https://www.chinanews.com.cn/fz/2025/02-20/10371356.shtml,法治,2-20 09:33
市场跨区域流通趋势增强  消费者如何放心选购二手车,https://www.chinanews.com.cn/cj/2025/02-20/10371351.shtml,财经,2-20 09:30
从0到16万公里 透过“铁路风景”见证奋进的力量,https://www.chinanews.com.cn/sh/2025/02-20/10371347.shtml,社会,2-20 09:28
习近平总书记在民营企业座谈会上的重要讲话引发热烈反响,https://www.chinanews.com.cn/gn/2025/02-20/10371349.shtml,时政,2-20 09:28
2月LPR报价出炉：1年期为3.1%，5年期以上为3.6%,https://www.chinanews.com.cn/cj/2025/02-20/10371340.shtml,财经,2-20 09:27
人民日报评论员：坚定信心，民营经济发展前景广阔、大有可为,https://www.chinanews.com.cn/gn/2025/02-20/10371348.shtml,时政,2-20 09:27
16项生态环境标准发布,https://www.chinanews.com.cn/gn/2025/02-20/10371346.shtml,时政,2-20 09:25
40个昼夜倾情守护 天津铁警圆满完成2025年春运安保工作,https://www.chinanews.com.cn/sh/2025/02-20/10371342.shtml,社会,2-20 09:23
“大显身手正当其时”——习近平总书记出席民营企业座谈会并发表重要讲话侧记,https://www.chinanews.com.cn/gn/2025/02-20/10371345.shtml,时政,2-20 09:22
破解新能源汽车投保难题 首个新能源车险指导意见出台,https://www.chinanews.com.cn/cj/2025/02-20/10371344.shtml,财经,2-20 09:22
南方地区仍多阴雨天气 西北地区东部青藏高原等地有雨雪,https://www.chinanews.com.cn/sh/2025/02-20/10371329.shtml,社会,2-20 09:20
“全托管”能解决老电梯大修换新难题吗？,https://www.chinanews.com.cn/sh/2025/02-20/10371341.shtml,社会,2-20 09:18
自律挑战？想“躺赢”却被“割韭菜”,https://www.chinanews.com.cn/sh/2025/02-20/10371339.shtml,社会,2-20 09:14
“00后”剑桥毕业生成为动物园饲养员，为了事业编大材小用？,https://www.chinanews.com.cn/sh/2025/02-20/10371337.shtml,社会,2-20 09:10
【学习读本（33）】坚持党的宗教工作基本方针,https://www.chinanews.com.cn/gn/2025/02-20/10371335.shtml,时政,2-20 09:06
姜子牙，从这里走向封神,https://www.chinanews.com.cn/cul/2025/02-20/10371336.shtml,文化,2-20 09:05
“聚餐不得用四季豆”，网友吵翻了,https://www.chinanews.com.cn/life/2025/02-20/10371334.shtml,生活,2-20 09:01
13800元工资竟分14次领？专家：分期支付限额提取于法无据,https://www.chinanews.com.cn/sh/2025/02-20/10371332.shtml,社会,2-20 08:54
网红培训成被诉噩梦？要“避坑”更要“填坑”,https://www.chinanews.com.cn/sh/2025/02-20/10371331.shtml,社会,2-20 08:53
“不见面”签劳动合同被判决认定“无效”？法官提醒,https://www.chinanews.com.cn/sh/2025/02-20/10371330.shtml,社会,2-20 08:52
能打通哪些业务堵点？多家医药企业回应接入DeepSeek,https://www.chinanews.com.cn/cj/2025/02-20/10371328.shtml,财经,2-20 08:49
美股三大指数小幅收涨 标普500续创新高,https://www.chinanews.com.cn/cj/2025/02-20/10371324.shtml,财经,2-20 08:46
国务院国资委：着力推进国有经济布局结构调整,https://www.chinanews.com.cn/cj/2025/02-20/10371325.shtml,财经,2-20 08:45
人这一辈子，一定要去一趟诏安！,https://www.chinanews.com.cn/sh/2025/02-20/10371317.shtml,社会,2-20 08:20
楼市开年回暖 政策效应显现,https://www.chinanews.com.cn/cj/2025/02-20/10371309.shtml,财经,2-20 08:06
普京：愿同特朗普会面,https://www.chinanews.com.cn/gj/2025/02-20/10371307.shtml,国际,2-20 08:01
新疆经济社会发展情况宣介会在开罗举办,https://www.chinanews.com.cn/gj/2025/02-20/10371302.shtml,国际,2-20 08:00
德国两大党总理候选人举行第二场电视辩论,https://www.chinanews.com.cn/gj/2025/02-20/10371301.shtml,国际,2-20 07:59
普京：乐意与美国总统特朗普举行会晤,https://www.chinanews.com.cn/gj/2025/02-20/10371295.shtml,国际,2-20 07:57
美国候任劳工部长查韦斯-德雷默出席国会提名听证会,https://www.chinanews.com.cn/gj/2025/02-20/10371297.shtml,国际,2-20 07:56
泰国稻米价格下跌引发农民抗议,https://www.chinanews.com.cn/gj/2025/02-20/10371296.shtml,国际,2-20 07:55
@大豆农户 近期行情不错 大豆可出！,https://www.chinanews.com.cn/cj/2025/02-20/10371300.shtml,财经,2-20 07:54
建设农业强国如何走好1年、3年、5年、10年这几步,https://www.chinanews.com.cn/gn/2025/02-20/10371299.shtml,时政,2-20 07:52
力度更大！中国稳外资20条发布 涉及电信、医疗、教育等领域,https://www.chinanews.com.cn/cj/2025/02-20/10371298.shtml,财经,2-20 07:51
“China Travel”为何持续升温,https://www.chinanews.com.cn/sh/2025/02-20/10371294.shtml,社会,2-20 07:48
DeepSeek引全球关注 外国青年发视频为它点赞,https://www.chinanews.com.cn/cj/2025/02-20/10371293.shtml,财经,2-20 07:47
AI数智员工上线 多地政务服务系统接入DeepSeek大模型,https://www.chinanews.com.cn/cj/2025/02-20/10371292.shtml,财经,2-20 07:45
美国亚利桑那州两架小型飞机相撞 已致2人死亡,https://www.chinanews.com.cn/gj/2025/02-20/10371291.shtml,国际,2-20 07:45
新课表中体育课没达标如何破解？,https://www.chinanews.com.cn/edu/2025/02-20/10371290.shtml,教育,2-20 07:44
期待《哪吒3》！迪士尼动画电影《花木兰》导演点赞《哪吒2》,https://www.chinanews.com.cn/cul/2025/02-20/10371289.shtml,文化,2-20 07:40
中国新特产何以圈粉全世界,https://www.chinanews.com.cn/cj/2025/02-20/10371288.shtml,财经,2-20 07:39
眼下有经济效益的水电站，为什么要关停？,https://www.chinanews.com.cn/sh/2025/02-20/10371287.shtml,社会,2-20 07:37
粗制滥造抄袭成风已成微短剧之殇,https://www.chinanews.com.cn/sh/2025/02-20/10371286.shtml,社会,2-20 07:37
全球车市为何迎来密集调整期,https://www.chinanews.com.cn/cj/2025/02-20/10371285.shtml,财经,2-20 07:34
“原来卖粉笔靠销量，现在卖创意和品牌”,https://www.chinanews.com.cn/sh/2025/02-20/10371284.shtml,社会,2-20 07:31
AI跨界发展，人才需求能否跟上,https://www.chinanews.com.cn/cj/2025/02-20/10371283.shtml,财经,2-20 07:30
“人工智能+”，如何加速跑,https://www.chinanews.com.cn/cj/2025/02-20/10371282.shtml,财经,2-20 07:29
AI闯入寻常百姓家,https://www.chinanews.com.cn/cj/2025/02-20/10371281.shtml,财经,2-20 07:29
“羊绒衫里没羊绒”，任何时候货真价实都是底线,https://www.chinanews.com.cn/cj/2025/02-20/10371280.shtml,财经,2-20 07:26
签下“自由职业者服务协议”，他的劳动关系没了？,https://www.chinanews.com.cn/sh/2025/02-20/10371279.shtml,社会,2-20 07:26
储能行业重磅文件发布 如何让新型储能产业“走向世界”？,https://www.chinanews.com.cn/cj/2025/02-20/10371278.shtml,财经,2-20 07:23
孩子惹祸，监护人责任险能赔吗？,https://www.chinanews.com.cn/sh/2025/02-20/10371277.shtml,社会,2-20 07:23
新闻1+1丨促进民营经济，重在政策落地！,https://www.chinanews.com.cn/cj/2025/02-20/10371276.shtml,财经,2-20 07:08
国家安全部：同学，你有一份提示请查收!,https://www.chinanews.com.cn/sh/2025/02-20/10371274.shtml,社会,2-20 06:40
2024年度个税汇算明日起预约,https://www.chinanews.com.cn/sh/2025/02-20/10371273.shtml,社会,2-20 06:31
伊朗总统：只有地区国家才能维护地区安全,https://www.chinanews.com.cn/gj/2025/02-20/10371272.shtml,国际,2-20 00:26
普京：乌克兰问题谈判将在俄罗斯和乌克兰双方参与下进行,https://www.chinanews.com.cn/gj/2025/02-19/10371270.shtml,国际,2-19 23:17
荷兰将归还119件贝宁青铜器给尼日利亚,https://www.chinanews.com.cn/gj/2025/02-19/10371268.shtml,国际,2-19 23:09
哈萨克斯坦与约旦发表联合声明 深化多领域合作,https://www.chinanews.com.cn/gj/2025/02-19/10371269.shtml,国际,2-19 23:07
第二届海峡两岸农业交流大会在福建漳平开幕,https://www.chinanews.com.cn/cj/2025/02-19/10371267.shtml,财经,2-19 22:37
探访上海首座人形机器人量产工厂   年产望达数千台,https://www.chinanews.com.cn/cj/2025/02-19/10371266.shtml,财经,2-19 22:37
俄军越过库尔斯克地区俄乌边界,https://www.chinanews.com.cn/gj/2025/02-19/10371265.shtml,国际,2-19 22:21
拉曼大学举办“一带一路”研讨会,https://www.chinanews.com.cn/gj/2025/02-19/10371209.shtml,国际,2-19 22:02
报告预计智能算力规模增长  DeepSeek推动普及应用,https://www.chinanews.com.cn/cj/2025/02-19/10371259.shtml,财经,2-19 22:02
特朗普：美国是一个非常腐败的国家,https://www.chinanews.com.cn/gj/2025/02-19/10371260.shtml,国际,2-19 22:01
东博会秘书处与东盟国家驻南宁总领事馆开展新春交流,https://www.chinanews.com.cn/sh/2025/02-19/10371257.shtml,社会,2-19 22:01
西藏拉萨：藏历新年年货市场酥油花“绽放”,https://www.chinanews.com.cn/sh/2025/02-19/10371256.shtml,社会,2-19 22:00
岑浩辉：切实发挥澳门作为中国与葡语国家“精准联系人”的作用,https://www.chinanews.com.cn/dwq/2025/02-19/10371255.shtml,湾区,2-19 22:00
哈马斯称将在加沙停火协议第二阶段一次性释放所有人质,https://www.chinanews.com.cn/gj/2025/02-19/10371258.shtml,国际,2-19 21:58
谷歌将向意大利支付3.26亿欧元了结逃税指控,https://www.chinanews.com.cn/gj/2025/02-19/10371247.shtml,国际,2-19 21:53
王毅同美国各界人士座谈,https://www.chinanews.com.cn/gj/2025/02-19/10371254.shtml,国际,2-19 21:51
“艺术之都——第235届法国艺术家沙龙中国艺术家邀请展”亮相巴黎,https://www.chinanews.com.cn/gj/2025/02-19/10371251.shtml,国际,2-19 21:51
中国实施优化消费环境三年行动,https://www.chinanews.com.cn/gn/2025/02-19/10371253.shtml,时政,2-19 21:51
王毅会见索马里外长菲基,https://www.chinanews.com.cn/gj/2025/02-19/10371250.shtml,国际,2-19 21:51
印尼总统普拉博沃首次改组内阁,https://www.chinanews.com.cn/gj/2025/02-19/10371207.shtml,国际,2-19 21:50
香港恒生银行2024年除税前溢利210.14亿港元,https://www.chinanews.com.cn/dwq/2025/02-19/10371252.shtml,湾区,2-19 21:49
乙巳蛇年上海市台胞新春祈福茶话会在静安寺举行,https://www.chinanews.com.cn/sh/2025/02-19/10371249.shtml,社会,2-19 21:42
报告称中国百城新建商品住宅库存连续24个月同比下降,https://www.chinanews.com.cn/cj/2025/02-19/10371248.shtml,财经,2-19 21:37
阿布扎比工商会在沪签约共建常态化合作机制,https://www.chinanews.com.cn/cj/2025/02-19/10371246.shtml,财经,2-19 21:37
王毅会见乌干达外长奥东戈,https://www.chinanews.com.cn/gn/2025/02-19/10371228.shtml,时政,2-19 21:35
广西玉林：金花茶铺就乡村致富新路,https://www.chinanews.com.cn/sh/2025/02-19/10371231.shtml,社会,2-19 21:35
福建石狮：公益阿拉伯语培训助力深化中东商贸合作,https://www.chinanews.com.cn/sh/2025/02-19/10371230.shtml,社会,2-19 21:33
维护企业合法权益 浙江严格规范涉企行政检查,https://www.chinanews.com.cn/cj/2025/02-19/10371242.shtml,财经,2-19 21:31
浙江已建绿色充电桩逾1300个 超40万辆新能源汽车充绿电,https://www.chinanews.com.cn/cj/2025/02-19/10371232.shtml,财经,2-19 21:31
台湾光电政策遭质疑“大幅破坏农地”,https://www.chinanews.com.cn/gn/2025/02-19/10371233.shtml,时政,2-19 21:30
海南省数据跨境服务中心投运,https://www.chinanews.com.cn/cj/2025/02-19/10371234.shtml,财经,2-19 21:30
电影《哪吒之魔童闹海》在澳门举行首映礼,https://www.chinanews.com.cn/dwq/2025/02-19/10371236.shtml,湾区,2-19 21:29
香港东涌住宅地成功出让 业界看好市场发展潜力,https://www.chinanews.com.cn/dwq/2025/02-19/10371235.shtml,湾区,2-19 21:28
德裔美国银行家：在不确定性的环境中不要忘记国际合作的重要性,https://www.chinanews.com.cn/cj/2025/02-19/10371226.shtml,财经,2-19 21:28
中国“独臂船长”登顶“海上珠峰”,https://www.chinanews.com.cn/sh/2025/02-19/10371238.shtml,社会,2-19 21:27
“中国寻根之旅”天津师范大学冬令营开营,https://www.chinanews.com.cn/hr/2025/02-19/10371186.shtml,华人,2-19 21:18
赣剧《李迩王》为西方经典穿上“赣剧外衣”,https://www.chinanews.com.cn/cul/2025/02-19/10371224.shtml,文化,2-19 21:17
赣剧《李迩王》为西方经典穿上“赣剧外衣”,https://www.chinanews.com.cn/cul/2025/02-19/10371224.shtml,文化,2-19 21:17
长沙经开区培育发展六大未来产业,https://www.chinanews.com.cn/cj/2025/02-19/10371189.shtml,财经,2-19 21:17
守护春运 “钢铁勇士”寒风中奏响换轨“交响曲”,https://www.chinanews.com.cn/sh/2025/02-19/10371191.shtml,社会,2-19 21:16
深港院士专家（河套）座谈会共商深港科创合作新路径,https://www.chinanews.com.cn/txy/2025/02-19/10371196.shtml,无分类,2-19 21:16
天津开展专项行动加快推进企业数字化智能化转型,https://www.chinanews.com.cn/cj/2025/02-19/10371219.shtml,财经,2-19 21:14
2025年全国射击冠军赛（步枪项目）收官 奥运冠军同场竞技,https://www.chinanews.com.cn/ty/2025/02-19/10371218.shtml,体育,2-19 21:14
海南自贸港发布6项制度创新案例,https://www.chinanews.com.cn/cj/2025/02-19/10371217.shtml,财经,2-19 21:13
明家犯罪集团主案一审开庭,https://www.chinanews.com.cn/sh/2025/02-19/10371197.shtml,社会,2-19 21:13
中国民政部出台办法 完善措施取缔非法社会组织,https://www.chinanews.com.cn/gn/2025/02-19/10371198.shtml,时政,2-19 21:12
中国拟出台稀土开采和稀土冶炼分离总量调控管理办法,https://www.chinanews.com.cn/cj/2025/02-19/10371199.shtml,财经,2-19 21:11
以足球之名 云南玉溪向球迷发出文旅之约,https://www.chinanews.com.cn/ty/2025/02-19/10371215.shtml,体育,2-19 21:11
中国工信部与日本经济界访华代表团交流会在北京举行,https://www.chinanews.com.cn/cj/2025/02-19/10371200.shtml,财经,2-19 21:10
中国商务部部长向美新任商务部长致信,https://www.chinanews.com.cn/cj/2025/02-19/10371201.shtml,财经,2-19 21:10
全球领先水司联盟考察团点赞鹏城水务领域“黑科技”,https://www.chinanews.com.cn/sh/2025/02-19/10371214.shtml,社会,2-19 21:09
汇丰控股2024年营收659亿美元,https://www.chinanews.com.cn/cj/2025/02-19/10371205.shtml,财经,2-19 21:08
2024年中国邮政行业寄递业务量完成1937亿件,https://www.chinanews.com.cn/cj/2025/02-19/10371202.shtml,财经,2-19 21:08
春节外游需求急升带动国泰航空1月载客量按年升37%,https://www.chinanews.com.cn/dwq/2025/02-19/10371206.shtml,湾区,2-19 21:08
沪昆铁路“守桥人”：护航71载湘潭湘江铁路特大桥,https://www.chinanews.com.cn/sh/2025/02-19/10371212.shtml,社会,2-19 21:06
首个东盟国家免签旅游团入境 中国东盟互联互通实现“加速度”,https://www.chinanews.com.cn/ydyl/2025/02-19/10371211.shtml,一带一路,2-19 21:06
中餐在迪拜悄然成风：品尝中国美食 感受中国文化,https://www.chinanews.com.cn/ydyl/2025/02-19/10371210.shtml,一带一路,2-19 21:05
受海上大风影响 福州马尾至马祖“小三通”客运航线将停航,https://www.chinanews.com.cn/sh/2025/02-19/10371204.shtml,社会,2-19 21:05
澳学者：中国对外农贸合作成果丰硕 推动全球农业走向更有韧性的未来,https://www.chinanews.com.cn/ll/2025/02-19/10371208.shtml,理论,2-19 21:03
总书记指引民营经济发展：前景广阔、大有可为,https://www.chinanews.com.cn/gn/2025/02-19/10371203.shtml,时政,2-19 20:59
保持定力增强信心 走好高质量发展之路——习近平总书记重要讲话为新时代新征程民营企业发展指明前进方向,https://www.chinanews.com.cn/gn/2025/02-19/10371195.shtml,时政,2-19 20:57
从判断“有没有鱼”到说清楚“有多少鱼” 上海科学家让生态监测更“聪明”,https://www.chinanews.com.cn/sh/2025/02-19/10371188.shtml,社会,2-19 20:55
中国高山滑雪选手密集参赛积累经验 为冬奥蓄力,https://www.chinanews.com.cn/ty/2025/02-19/10371187.shtml,体育,2-19 20:54
星火成炬｜被世界拥抱的温暖,https://www.chinanews.com.cn/sh/2025/02-19/10371185.shtml,社会,2-19 20:43
挂牌保护养牛大户 湖南零陵黄牛产业致富村民,https://www.chinanews.com.cn/cj/2025/02-19/10371182.shtml,财经,2-19 20:41
湖南祁阳农资储备充足 护航春耕生产,https://www.chinanews.com.cn/sh/2025/02-19/10371181.shtml,社会,2-19 20:40
哈交通部：阿航客机失事最终调查报告将于年底前公布,https://www.chinanews.com.cn/gj/2025/02-19/10371065.shtml,国际,2-19 20:40
广东省首条LNG动力往来港澳小型散货船启航,https://www.chinanews.com.cn/cj/2025/02-19/10371179.shtml,财经,2-19 20:39
一碗粉带动多民族致富 民盟盟员助力乡村振兴,https://www.chinanews.com.cn/txy/2025/02-19/10371178.shtml,无分类,2-19 20:38
从动漫到原著 如何引导孩子读经典中的“哪吒”“悟空”？,https://www.chinanews.com.cn/sh/2025/02-19/10371173.shtml,社会,2-19 20:38
财政部在香港成功发行2025年首期125亿元人民币国债,https://www.chinanews.com.cn/cj/2025/02-19/10371174.shtml,财经,2-19 20:37
空客天津A320系列飞机第二条总装线最大单体预计年中交付,https://www.chinanews.com.cn/cj/2025/02-19/10371176.shtml,财经,2-19 20:36
王毅会见巴基斯坦副总理兼外长达尔,https://www.chinanews.com.cn/gj/2025/02-19/10371159.shtml,国际,2-19 20:36
王毅会见匈牙利外长西雅尔多,https://www.chinanews.com.cn/gj/2025/02-19/10371147.shtml,国际,2-19 20:36
音乐剧《雨中曲》北京热演 后台探班揭秘精彩幕后,https://www.chinanews.com.cn/cul/2025/02-19/10371172.shtml,文化,2-19 20:35
“水上春耕”种草忙 绘就湖南大通湖生态新画卷,https://www.chinanews.com.cn/sh/2025/02-19/10371170.shtml,社会,2-19 20:35
王毅会见联合国秘书长古特雷斯,https://www.chinanews.com.cn/gj/2025/02-19/10371110.shtml,国际,2-19 20:34
王毅谈中方对加沙冲突的立场,https://www.chinanews.com.cn/gj/2025/02-19/10371101.shtml,国际,2-19 20:34
旅俄大熊猫幼崽“喀秋莎”获赠新玩具,https://www.chinanews.com.cn/gj/2025/02-19/10371094.shtml,国际,2-19 20:33
美团将为全职及稳定兼职骑手缴纳社保,https://www.chinanews.com.cn/cj/2025/02-19/10371171.shtml,财经,2-19 20:33
印尼央行维持基准利率在5.75%不变,https://www.chinanews.com.cn/gj/2025/02-19/10371070.shtml,国际,2-19 20:33
中外学者揭示近20年最强地磁暴对中国电离层环境的冲击,https://www.chinanews.com.cn/sh/2025/02-19/10371162.shtml,社会,2-19 20:29
国际奥委会主席巴赫与青年师生共话奥林匹克精神,https://www.chinanews.com.cn/ty/2025/02-19/10371166.shtml,体育,2-19 20:28
中国公布稳外资行动方案 将扩大电信医疗等领域开放试点,https://www.chinanews.com.cn/cj/2025/02-19/10371161.shtml,财经,2-19 20:25
开学第一课 科技、非遗唱主角,https://www.chinanews.com.cn/sh/2025/02-19/10371165.shtml,社会,2-19 20:25
河北联通京津干线公路达54条,https://www.chinanews.com.cn/sh/2025/02-19/10371163.shtml,社会,2-19 20:25
江西瑞昌：“妈妈岗”走红招聘季 化解就业招工“两头难”,https://www.chinanews.com.cn/sh/2025/02-19/10371158.shtml,社会,2-19 20:22
上海东方枢纽国际商务合作区将于年底前“基本功能落地运行”,https://www.chinanews.com.cn/cj/2025/02-19/10371160.shtml,财经,2-19 20:22
深海生物如何打造其生态环境？国际最新研究发现掘穴和觅食证据,https://www.chinanews.com.cn/gj/2025/02-19/10371153.shtml,国际,2-19 20:21
东西问丨李汇川：神话人物“破次元降世”，何以产生“闹海之力”？,https://www.chinanews.com.cn/gn/2025/02-19/10371151.shtml,时政,2-19 20:21
探访宁夏兴胜村：“近零碳”生活引领新风尚 乡村振兴迈出新步伐,https://www.chinanews.com.cn/sh/2025/02-19/10371157.shtml,社会,2-19 20:19
《哗变》再“开庭” 台词“风暴”冲击全场,https://www.chinanews.com.cn/cul/2025/02-19/10371154.shtml,文化,2-19 20:18
东西问丨马洋：《番汉合时掌中珠》，破解西夏文的密钥,https://www.chinanews.com.cn/gn/2025/02-19/10371152.shtml,时政,2-19 20:16
北京推进全域绿化彩化 今年森林覆盖率将达45%,https://www.chinanews.com.cn/sh/2025/02-19/10371149.shtml,社会,2-19 20:12
电商京东美团宣布为外卖骑手缴纳社保,https://www.chinanews.com.cn/sh/2025/02-19/10371148.shtml,社会,2-19 20:11
台知名建案“陶朱隐园”建成近7年后开售,https://www.chinanews.com.cn/gn/2025/02-19/10371146.shtml,时政,2-19 20:11
中国成品油价2025年首次下调,https://www.chinanews.com.cn/cj/2025/02-19/10371145.shtml,财经,2-19 20:10
国家网信办查处82款侵害个人信息权益的App,https://www.chinanews.com.cn/sh/2025/02-19/10371144.shtml,社会,2-19 20:10
海南外资办企环节减至1个 申请材料减超77%,https://www.chinanews.com.cn/sh/2025/02-19/10371143.shtml,社会,2-19 20:09
俄外长：俄美关系已朝正常化方向启动,https://www.chinanews.com.cn/gj/2025/02-19/10371156.shtml,国际,2-19 20:09
中老边境勐康口岸通关首批31吨老挝中药材,https://www.chinanews.com.cn/cj/2025/02-19/10371142.shtml,财经,2-19 20:09
数据显示：《哪吒2》显著拓宽动画电影受众,https://www.chinanews.com.cn/cul/2025/02-19/10371141.shtml,文化,2-19 20:08
观历史 看创新：“与国同兴”内地港生访吉林,https://www.chinanews.com.cn/sh/2025/02-19/10371130.shtml,社会,2-19 20:08
国内转国际实现“一单到底” 杭州空港为国际运输加速,https://www.chinanews.com.cn/cj/2025/02-19/10371117.shtml,财经,2-19 20:08
商务部部长王文涛向美国新任商务部长致信,https://www.chinanews.com.cn/gn/2025/02-19/10371155.shtml,时政,2-19 20:07
体检报告骨密度低？别急着吃钙片！这几个关键问题必须先搞懂|科普时间,https://www.chinanews.com.cn/jk/2025/02-19/10371150.shtml,健康,2-19 20:00
“丰”景在望 智慧农机、科学农技为小麦春管工作按下“加速键”,https://www.chinanews.com.cn/sh/2025/02-19/10371138.shtml,社会,2-19 19:57
沪昆高铁通信“夜行侠”：护航铁路安全运行,https://www.chinanews.com.cn/sh/2025/02-19/10371116.shtml,社会,2-19 19:56
上“车”、上“山”、上“坡”——吉林夜经济“焐热”寒冬市场,https://www.chinanews.com.cn/cj/2025/02-19/10371136.shtml,财经,2-19 19:55
海南自由贸易港数据安全有序流动暨数据跨境流动新政落地,https://www.chinanews.com.cn/cj/2025/02-19/10371126.shtml,财经,2-19 19:55
铁轨上的四十年守望：道口工的春运终章,https://www.chinanews.com.cn/sh/2025/02-19/10371129.shtml,社会,2-19 19:55
申城首店经济方兴未艾 零售+体验模式提升首店吸引力,https://www.chinanews.com.cn/cj/2025/02-19/10371128.shtml,财经,2-19 19:55
从护士跪地急救到小哥火场逆行 呼和浩特大爱之光满溢,https://www.chinanews.com.cn/sh/2025/02-19/10371124.shtml,社会,2-19 19:54
【海河观察】我从年画中走来,https://www.chinanews.com.cn/sh/2025/02-19/10371134.shtml,社会,2-19 19:54
江苏知识产权部门对非正常专利申请代理行为作出顶格处罚 为全国首个,https://www.chinanews.com.cn/sh/2025/02-19/10371122.shtml,社会,2-19 19:53
文化中国行丨科技助力古籍“藏”与“用” 卷帙遗韵 古籍修复获新生,https://www.chinanews.com.cn/cul/2025/02-19/10371133.shtml,文化,2-19 19:52
激扬网络正能量，引领网络新风尚,https://www.chinanews.com.cn/ll/2025/02-19/10371132.shtml,理论,2-19 19:51
2025年世界男排联赛总决赛落户浙江宁波北仑,https://www.chinanews.com.cn/ty/2025/02-19/10371120.shtml,体育,2-19 19:51
文化中国行丨简牍中国 “喜”看今朝,https://www.chinanews.com.cn/gn/2025/02-19/10371131.shtml,时政,2-19 19:49
长春耄耋老人坚持冬泳31年：我会一直游下去,https://www.chinanews.com.cn/sh/2025/02-19/10371121.shtml,社会,2-19 19:45
新技术催生新场景 人工智能产业加速发展,https://www.chinanews.com.cn/cj/2025/02-19/10371125.shtml,财经,2-19 19:45
昔日“海上第一名园”焕新开创海关智慧监管创新范例,https://www.chinanews.com.cn/cj/2025/02-19/10371118.shtml,财经,2-19 19:43
“三问”杭州“六小龙”现象,https://www.chinanews.com.cn/cj/2025/02-19/10371115.shtml,财经,2-19 19:36
蒙古国客商赴中国二连浩特办“年货”热,https://www.chinanews.com.cn/sh/2025/02-19/10371100.shtml,社会,2-19 19:29
《海南自由贸易港数据出境管理清单（负面清单）》发布,https://www.chinanews.com.cn/cj/2025/02-19/10371107.shtml,财经,2-19 19:29
拱北海关2024年度查扣侵权商品涉案案值首超千万元,https://www.chinanews.com.cn/cj/2025/02-19/10371105.shtml,财经,2-19 19:28
中国工商银行原副行长张红力一审被判死缓,https://www.chinanews.com.cn/gn/2025/02-19/10371102.shtml,时政,2-19 19:27
首条拉萨至香港地区航线开通,https://www.chinanews.com.cn/dwq/2025/02-19/10371103.shtml,湾区,2-19 19:26
2024年中国考古新发现揭晓 专家解密下汤遗址发掘,https://www.chinanews.com.cn/cul/2025/02-19/10371109.shtml,文化,2-19 19:26
台“大罢免潮”来袭 舆论指民进党“当家闹事”,https://www.chinanews.com.cn/gn/2025/02-19/10371099.shtml,时政,2-19 19:25
香港举行《关于修订＜CEPA服务贸易协议＞的协议二》宣讲会,https://www.chinanews.com.cn/dwq/2025/02-19/10371098.shtml,湾区,2-19 19:25
国家金融监管总局：保持对民营企业稳定有效的增量信贷供给,https://www.chinanews.com.cn/cj/2025/02-19/10371097.shtml,财经,2-19 19:24
1月中国吸收外资975.9亿元人民币,https://www.chinanews.com.cn/cj/2025/02-19/10371096.shtml,财经,2-19 19:23
香港公布虚拟资产市场发展新路线图,https://www.chinanews.com.cn/dwq/2025/02-19/10371095.shtml,湾区,2-19 19:22
国际奥委会主席巴赫会见“为奥运喝彩”艺术家,https://www.chinanews.com.cn/ty/2025/02-19/10371093.shtml,体育,2-19 19:21
安徽马鞍山：以人才战略重塑“钢城基因”  打造长三角“智造高地”,https://www.chinanews.com.cn/cj/2025/02-19/10371089.shtml,财经,2-19 19:19
将武术的“刚”融入秧歌的“柔” 昌黎地秧歌“扭”向世界,https://www.chinanews.com.cn/sh/2025/02-19/10371088.shtml,社会,2-19 19:16
全国新的社会阶层人士主题座谈会在北京召开 石泰峰出席并讲话,https://www.chinanews.com.cn/gn/2025/02-19/10371086.shtml,时政,2-19 19:02
中国古生物学家朱敏当选瑞典皇家科学院外籍院士,https://www.chinanews.com.cn/sh/2025/02-19/10371084.shtml,社会,2-19 19:01
广西拟“景区门票一票管3日” 助推文旅市场大门越开越大,https://www.chinanews.com.cn/sh/2025/02-19/10371085.shtml,社会,2-19 19:01
中国境内首例临时进口使用特医食品落地海南博鳌乐城,https://www.chinanews.com.cn/sh/2025/02-19/10371082.shtml,社会,2-19 19:01
天津盘山景区推限时免费活动 助力《哪吒2》票房冲顶,https://www.chinanews.com.cn/sh/2025/02-19/10371079.shtml,社会,2-19 19:00
湖北力促“舌尖经济” 释放餐饮消费新活力,https://www.chinanews.com.cn/cj/2025/02-19/10371080.shtml,财经,2-19 18:58
2024年宁夏刑事案件发案数为近10年最少,https://www.chinanews.com.cn/sh/2025/02-19/10371083.shtml,社会,2-19 18:58
白宫发布视频：非法移民戴镣铐被驱逐,https://www.chinanews.com.cn/gj/2025/02-19/10371087.shtml,国际,2-19 18:58
山东日照：低空经济蓄势腾飞，擘画蓝天新图景,https://www.chinanews.com.cn/cj/2025/02-19/10371081.shtml,财经,2-19 18:57
黑龙江伊春青少年体验冬季定向运动 尽享冰雪体育欢乐,https://www.chinanews.com.cn/ty/2025/02-19/10371078.shtml,体育,2-19 18:56
中国首个低空行业大模型在长春发布,https://www.chinanews.com.cn/cj/2025/02-19/10371077.shtml,财经,2-19 18:56
扎根乡村30年 湖南桃江教师把爱洒向孩子心田,https://www.chinanews.com.cn/sh/2025/02-19/10371076.shtml,社会,2-19 18:52
今年以来 福建泉州口岸原油进口增长超三成,https://www.chinanews.com.cn/cj/2025/02-19/10371072.shtml,财经,2-19 18:39
64载跨越山海 “国家的孩子”赵丽俊回家了,https://www.chinanews.com.cn/sh/2025/02-19/10371071.shtml,社会,2-19 18:34
棉花娃娃俏销 中国年轻人乐为情绪“买单”,https://www.chinanews.com.cn/sh/2025/02-19/10371069.shtml,社会,2-19 18:33
辽宁省获批建设国家数据要素综合试验区,https://www.chinanews.com.cn/cj/2025/02-19/10371067.shtml,财经,2-19 18:33
山东加码数字乡村建设 让科技惠农更“慧”农,https://www.chinanews.com.cn/cj/2025/02-19/10371066.shtml,财经,2-19 18:31
山西春节假期服务业用电量同比增长16.93% “非遗+文旅”成新动能,https://www.chinanews.com.cn/cj/2025/02-19/10371064.shtml,财经,2-19 18:31
碳路中国丨“乌金”变“绿金” 智能化赋能山西煤企转型升级,https://www.chinanews.com.cn/cj/2025/02-19/10371063.shtml,财经,2-19 18:26
原北京医院中医科主任、“国医大师”李文瑞逝世 享年97岁,https://www.chinanews.com.cn/sh/2025/02-19/10371053.shtml,社会,2-19 18:11
上海市场监管部门上门为重点企业提供“个性化”指引,https://www.chinanews.com.cn/cj/2025/02-19/10371058.shtml,财经,2-19 18:00
A股周三飘红收官 机器人板块走强,https://www.chinanews.com.cn/cj/2025/02-19/10371056.shtml,财经,2-19 18:00
手机国补政策落地满月：消费热潮背后，“百亿计划”助力商家“破局”,https://www.chinanews.com.cn/cj/2025/02-19/10371055.shtml,财经,2-19 17:59
大众点评《评价透明度报告》发布，公开评价审核“四道防线”,https://www.chinanews.com.cn/cj/2025/02-19/10371054.shtml,财经,2-19 17:58
菲律宾副总统向最高法院提请终止弹劾程序,https://www.chinanews.com.cn/gj/2025/02-19/10371010.shtml,国际,2-19 17:35
尼泊尔庆祝第75个国家民主日,https://www.chinanews.com.cn/gj/2025/02-19/10371008.shtml,国际,2-19 17:34
新西兰央行近半年来连续第四次降息,https://www.chinanews.com.cn/gj/2025/02-19/10370980.shtml,国际,2-19 17:34
民政部出台办法 明确对这三类非法社会组织“露头就打”,https://www.chinanews.com.cn/gn/2025/02-19/10371052.shtml,时政,2-19 17:33
傅莹谈南海局势：中方坚定维护地区稳定与合作,https://www.chinanews.com.cn/gj/2025/02-19/10370978.shtml,国际,2-19 17:33
多家央企领导班子密集调整,https://www.chinanews.com.cn/gn/2025/02-19/10371048.shtml,时政,2-19 17:33
加拿大今年1月通胀率微扬 能源价格是主因,https://www.chinanews.com.cn/gj/2025/02-19/10370974.shtml,国际,2-19 17:33
全国新的社会阶层人士主题座谈会在京召开 石泰峰出席并讲话,https://www.chinanews.com.cn/gn/2025/02-19/10371051.shtml,时政,2-19 17:31
五部门：重拳打击网络市场中流量造假、低俗带货等违法行为,https://www.chinanews.com.cn/cj/2025/02-19/10371047.shtml,财经,2-19 17:28
2025稳外资行动方案来了！扩大电信、医疗、教育等领域开放试点,https://www.chinanews.com.cn/gn/2025/02-19/10371049.shtml,时政,2-19 17:27
五部门印发《优化消费环境三年行动方案(2025—2027年)》,https://www.chinanews.com.cn/cj/2025/02-19/10371045.shtml,财经,2-19 17:17
甘肃民勤：戈壁滩上的“中国人参果之乡”,https://www.chinanews.com.cn/sh/2025/02-19/10371034.shtml,社会,2-19 17:09
将铁路“隐患风险”变“护路保险”的“铁娘子”王金,https://www.chinanews.com.cn/sh/2025/02-19/10371023.shtml,社会,2-19 17:08
五部门：支持汽车产品、电子产品、家居产品等消费升级,https://www.chinanews.com.cn/cj/2025/02-19/10371031.shtml,财经,2-19 17:08
中欧合作科学卫星“天关”捕捉到罕见X射线双星系统,https://www.chinanews.com.cn/gn/2025/02-19/10371029.shtml,时政,2-19 17:08
欧盟中国商会汽车工作组在里斯本揭牌 探讨中葡中欧合作新机遇,https://www.chinanews.com.cn/cj/2025/02-19/10371009.shtml,财经,2-19 17:07
王毅会见巴基斯坦副总理兼外长达尔,https://www.chinanews.com.cn/gn/2025/02-19/10371044.shtml,时政,2-19 17:07
拉萨=成都=香港航线首航 拉萨海关助力高效通关,https://www.chinanews.com.cn/sh/2025/02-19/10371027.shtml,社会,2-19 17:06
海南推行涉企活动“预约制” 企业逾百次对政府调研说“不”,https://www.chinanews.com.cn/cj/2025/02-19/10371013.shtml,财经,2-19 17:04
王毅会见匈牙利外长西雅尔多,https://www.chinanews.com.cn/gn/2025/02-19/10371042.shtml,时政,2-19 17:04
王毅会见乌干达外长奥东戈,https://www.chinanews.com.cn/gn/2025/02-19/10371043.shtml,时政,2-19 17:04
王毅会见联合国秘书长古特雷斯,https://www.chinanews.com.cn/gn/2025/02-19/10371041.shtml,时政,2-19 17:01
孕妇在D3702次列车上被行李箱砸伤 广州客运段发布情况说明,https://www.chinanews.com.cn/sh/2025/02-19/10371004.shtml,社会,2-19 17:01
香港特区政府任命香港旅发局、香港贸发局主席,https://www.chinanews.com.cn/dwq/2025/02-19/10370997.shtml,湾区,2-19 17:01
2月19日24时起，国内汽、柴油价格每吨分别降低170元和160元,https://www.chinanews.com.cn/cj/2025/02-19/10371039.shtml,财经,2-19 17:01
受贿1.77亿余元！中国工商银行原副行长张红力受贿案一审宣判,https://www.chinanews.com.cn/gn/2025/02-19/10371038.shtml,时政,2-19 17:01
2024年济南金融业增加值超千亿元 金融服务实体经济提质增效,https://www.chinanews.com.cn/cj/2025/02-19/10371021.shtml,财经,2-19 17:00
王毅会见索马里外长菲基,https://www.chinanews.com.cn/gn/2025/02-19/10371037.shtml,时政,2-19 17:00
空军招飞定选全面启动！AI“面试官”来了→,https://www.chinanews.com.cn/gn/2025/02-19/10371035.shtml,时政,2-19 16:59
重庆轨道交通7号线一期进入盾构掘进施工阶段,https://www.chinanews.com.cn/sh/2025/02-19/10370990.shtml,社会,2-19 16:59
海南自贸港加工增值内销货值超70亿元,https://www.chinanews.com.cn/cj/2025/02-19/10371011.shtml,财经,2-19 16:59
王毅同美国各界人士座谈,https://www.chinanews.com.cn/gn/2025/02-19/10371033.shtml,时政,2-19 16:58
山东智能农机“摩拳擦掌”备春忙,https://www.chinanews.com.cn/sh/2025/02-19/10371026.shtml,社会,2-19 16:57
广西全力激发农村活力 促农业增效农民增收,https://www.chinanews.com.cn/sh/2025/02-19/10371024.shtml,社会,2-19 16:56
广西全力激发农村活力 促农业增效农民增收,https://www.chinanews.com.cn/sh/2025/02-19/10371024.shtml,社会,2-19 16:56
“哪吒热”带旺二次元经济,https://www.chinanews.com.cn/cj/2025/02-19/10371005.shtml,财经,2-19 16:55
小石榴说科普丨亚冬会冠军儿时同款！长毛又带皮的滑雪板你见过吗？,https://www.chinanews.com.cn/ty/2025/02-19/10371030.shtml,体育,2-19 16:54
外媒热评民营企业座谈会：中国政府传递明确支持信号,https://www.chinanews.com.cn/cj/2025/02-19/10371028.shtml,财经,2-19 16:53
德勤报告：中国一直是应对锂电池回收问题的积极行动者,https://www.chinanews.com.cn/cj/2025/02-19/10370982.shtml,财经,2-19 16:53
第34届乒乓球亚洲杯开幕 孙颖莎首战告捷,https://www.chinanews.com.cn/ty/2025/02-19/10371007.shtml,体育,2-19 16:49
黑龙江省人大常委会原副主任李显刚被公诉,https://www.chinanews.com.cn/gn/2025/02-19/10370981.shtml,时政,2-19 16:47
江西发现一种蜘蛛新物种,https://www.chinanews.com.cn/sh/2025/02-19/10371006.shtml,社会,2-19 16:45
劳动者自己要留存劳动合同吗？,https://www.chinanews.com.cn/sh/2025/02-19/10371020.shtml,社会,2-19 16:44
中国多地布局零工市场促人岗快速匹配,https://www.chinanews.com.cn/cj/2025/02-19/10370979.shtml,财经,2-19 16:43
失业保险金去哪儿领？需要什么材料？官方解答,https://www.chinanews.com.cn/cj/2025/02-19/10371015.shtml,财经,2-19 16:42
巴西宣布加入“欧佩克+”,https://www.chinanews.com.cn/gj/2025/02-19/10371012.shtml,国际,2-19 16:41
樊生华代表：把西湖龙井的未来交给年轻人,https://www.chinanews.com.cn/gn/2025/02-19/10370976.shtml,时政,2-19 16:38
海南创新离岛免税监管服务 提升免税品监管效能,https://www.chinanews.com.cn/cj/2025/02-19/10370995.shtml,财经,2-19 16:36
天津大学学子行走12260公里 为“海上丝路”建设贡献青春力量,https://www.chinanews.com.cn/sh/2025/02-19/10370936.shtml,社会,2-19 16:32
马斯克回答特朗普：计划4周内接回2名美国宇航员,https://www.chinanews.com.cn/gj/2025/02-19/10370963.shtml,国际,2-19 16:28
中国二线城市新房价格时隔19个月重回环比上涨区间,https://www.chinanews.com.cn/cj/2025/02-19/10370975.shtml,财经,2-19 16:24
看图学习丨大显身手正当其时 总书记为民营企业鼓劲,https://www.chinanews.com.cn/gn/2025/02-19/10371000.shtml,时政,2-19 16:19
（乡村行·看振兴）不负春光抢农时 江西赣县农机助力备春耕,https://www.chinanews.com.cn/sh/2025/02-19/10370969.shtml,社会,2-19 16:18
全国工商联：助力营造公平开放的市场环境,https://www.chinanews.com.cn/gn/2025/02-19/10370994.shtml,时政,2-19 16:18
戴仪茹夺全国室内田径大奖赛女子60米栏金牌,https://www.chinanews.com.cn/ty/2025/02-19/10370977.shtml,体育,2-19 16:17
现场聆听总书记重要讲话，民营企业家们这样说,https://www.chinanews.com.cn/gn/2025/02-19/10370993.shtml,时政,2-19 16:16
申报为“和服” 天津新港海关查获旧衣物4250件,https://www.chinanews.com.cn/sh/2025/02-19/10370961.shtml,社会,2-19 16:16
外媒称中国军舰在澳大利亚专属经济区活动 中方回应,https://www.chinanews.com.cn/gn/2025/02-19/10370989.shtml,时政,2-19 16:13
越南国会批准一铁路项目旨在加强中越联系 中方回应,https://www.chinanews.com.cn/gn/2025/02-19/10370987.shtml,时政,2-19 16:13
知与行｜深刻把握“江山就是人民，人民就是江山”的内涵意蕴,https://www.chinanews.com.cn/ll/2025/02-19/10370986.shtml,理论,2-19 16:09
涉案金额超百亿 致多人伤亡！缅北明家犯罪集团主案一审开庭,https://www.chinanews.com.cn/sh/2025/02-19/10370984.shtml,社会,2-19 16:09
理响中国·创作经验谈：《自信之源》：寻古问今 简而意足,https://www.chinanews.com.cn/ll/2025/02-19/10370985.shtml,理论,2-19 16:07
智能床国家标准发布 2025年8月1日起实施,https://www.chinanews.com.cn/cj/2025/02-19/10370949.shtml,财经,2-19 16:06
孕妇被行李砸中致胎儿早产后夭折，铁路方回应,https://www.chinanews.com.cn/sh/2025/02-19/10370973.shtml,社会,2-19 16:00
中方回应特朗普长子涉华言论：希望美方同中方相向而行,https://www.chinanews.com.cn/gn/2025/02-19/10370972.shtml,时政,2-19 15:57
中方：加沙的战后治理应坚持“巴人治巴”原则,https://www.chinanews.com.cn/gn/2025/02-19/10370970.shtml,时政,2-19 15:56
外交部：中方支持马来西亚担任东盟轮值主席国,https://www.chinanews.com.cn/gn/2025/02-19/10370968.shtml,时政,2-19 15:55
创业板指收涨超2% 人形机器人板块爆发,https://www.chinanews.com.cn/cj/2025/02-19/10370966.shtml,财经,2-19 15:53
最新评估报告：重建加沙地带需要超500亿美元,https://www.chinanews.com.cn/gj/2025/02-19/10370965.shtml,国际,2-19 15:52
外交部：中方一贯反对有关国家在非法侵占的岛礁上开展建设活动,https://www.chinanews.com.cn/gn/2025/02-19/10370964.shtml,时政,2-19 15:46
意大利警方缴获788公斤可卡因,https://www.chinanews.com.cn/gj/2025/02-19/10370935.shtml,国际,2-19 15:36
山东降碳减污“并驾齐驱” 擦亮生态“蓝绿底色”,https://www.chinanews.com.cn/gn/2025/02-19/10370962.shtml,时政,2-19 15:26
新学期开启 近视防控妙招请收好,https://www.chinanews.com.cn/life/2025/02-19/10370960.shtml,生活,2-19 15:23
新春车市热潮涌动 乘用车产销同比双增,https://www.chinanews.com.cn/cj/2025/02-19/10370958.shtml,财经,2-19 15:21
宇树科技申请“春晚扭秧歌机器人”图形商标,https://www.chinanews.com.cn/cj/2025/02-19/10370957.shtml,财经,2-19 15:21
四川马尔康孔龙村遗址入围2024年中国考古新发现,https://www.chinanews.com.cn/cul/2025/02-19/10370947.shtml,文化,2-19 15:20
履职一年间丨关注“一老一小”服务需求 她将把这些建议带到全国两会,https://www.chinanews.com.cn/sh/2025/02-19/10370959.shtml,社会,2-19 15:20
“史上最大欺诈”！马斯克“查账”美国社保：150岁以上老人超140万人，最大的360多岁，“在美国诞生前就已经活着了”,https://www.chinanews.com.cn/gj/2025/02-19/10370956.shtml,国际,2-19 15:18
辽宁职业足球改革试点俱乐部招商推介会在沈阳举行,https://www.chinanews.com.cn/ty/2025/02-19/10370950.shtml,体育,2-19 15:17
浙江省新能源汽车产业基金签约落地 总规模70亿元,https://www.chinanews.com.cn/cj/2025/02-19/10370943.shtml,财经,2-19 15:15
科技“春风”吹向春耕备耕田间地头 多点发力端稳端牢“中国饭碗”,https://www.chinanews.com.cn/cj/2025/02-19/10370955.shtml,财经,2-19 15:15
生产企业产能拉满 “春日户外经济”释放更多经济活力,https://www.chinanews.com.cn/cj/2025/02-19/10370953.shtml,财经,2-19 15:14
湖南桃江“村集体+能手”抱团 菜苗大棚冒出“好苗头”,https://www.chinanews.com.cn/sh/2025/02-19/10370934.shtml,社会,2-19 15:14
人勤春来早 开工干劲足丨春节后第一波“基建狂魔”已上线 交通工程建设火热,https://www.chinanews.com.cn/sh/2025/02-19/10370952.shtml,社会,2-19 15:14
2月19日“农产品批发价格200指数”比昨天下降0.35个点,https://www.chinanews.com.cn/cj/2025/02-19/10370929.shtml,财经,2-19 15:13
生命奇迹！西藏出生仅3天病危患儿重获新生,https://www.chinanews.com.cn/sh/2025/02-19/10370937.shtml,社会,2-19 15:11
节后旅游价格“大跳水” 错峰出游正当时 你心动了吗？,https://www.chinanews.com.cn/cj/2025/02-19/10370948.shtml,财经,2-19 15:11
云南昆明至印尼美娜多新开通直飞航线,https://www.chinanews.com.cn/sh/2025/02-19/10370946.shtml,社会,2-19 15:09
浙江下汤遗址入选“2024年中国考古新发现”,https://www.chinanews.com.cn/cul/2025/02-19/10370940.shtml,文化,2-19 15:07
杭州调整机场公路收费方式 部分车辆免费通行,https://www.chinanews.com.cn/sh/2025/02-19/10370945.shtml,社会,2-19 15:06
加蓬外援阿隆·布彭扎加盟浙江队 曾获土超金靴,https://www.chinanews.com.cn/ty/2025/02-19/10370941.shtml,体育,2-19 15:05
检察机关依法对李显刚涉嫌受贿、贪污案提起公诉,https://www.chinanews.com.cn/gn/2025/02-19/10370942.shtml,时政,2-19 15:00
绿皮火车上的温度接力,https://www.chinanews.com.cn/sh/2025/02-19/10370939.shtml,社会,2-19 14:59
江苏扬州颁布两部地方性法规 优化营商环境和建设儿童友好城市,https://www.chinanews.com.cn/sh/2025/02-19/10370933.shtml,社会,2-19 14:59
和龙大洞遗址发掘展现长白山地区石器工业演化历程,https://www.chinanews.com.cn/cul/2025/02-19/10370938.shtml,文化,2-19 14:57
“投资河南”推介会在香港举办,https://www.chinanews.com.cn/dwq/2025/02-19/10370932.shtml,湾区,2-19 14:57
西藏布达拉宫景区暂停对外开放,https://www.chinanews.com.cn/sh/2025/02-19/10370930.shtml,社会,2-19 14:52
4.5小时、3个目标、密集斡旋，俄美沙特会谈有何突破？,https://www.chinanews.com.cn/gj/2025/02-19/10370914.shtml,国际,2-19 14:52
中老年人扎堆“尝鲜”网络兴趣班 警惕“零元学”背后的套路,https://www.chinanews.com.cn/sh/2025/02-19/10370931.shtml,社会,2-19 14:47
中国建设银行董事长张金良会见山东省委常委、济南市委书记刘强,https://www.chinanews.com.cn/cj/2025/02-19/10370927.shtml,财经,2-19 14:45
韩媒：韩德洙出席韩国前代总统弹劾案庭审第一次辩论,https://www.chinanews.com.cn/gj/2025/02-19/10370921.shtml,国际,2-19 14:44
慢游还是“特种兵”？老年旅游团如何更“适老”,https://www.chinanews.com.cn/sh/2025/02-19/10370928.shtml,社会,2-19 14:41
开讲啦丨只接单、不发货，警惕虚假网购类诈骗！,https://www.chinanews.com.cn/cj/2025/02-19/10370906.shtml,财经,2-19 14:40
湖北省纪委监委通报5起违规打牌和赌博典型问题,https://www.chinanews.com.cn/gn/2025/02-19/10370922.shtml,时政,2-19 14:34
第七十九集团军某旅组织多机型协同训练——“合成鹰群”体系出击,https://www.chinanews.com.cn/gn/2025/02-19/10370923.shtml,时政,2-19 14:33
菲律宾艺术家詹森：画笔为媒，让菲中文化之美自然交汇,https://www.chinanews.com.cn/gj/2025/02-19/10370918.shtml,国际,2-19 14:31
中国驻汤加使馆提醒在汤中国公民注意防范登革热,https://www.chinanews.com.cn/hr/2025/02-19/10370913.shtml,华人,2-19 14:30
多伦多皮尔逊国际机场失事客机伤者增至21人 黑匣子待分析,https://www.chinanews.com.cn/gj/2025/02-19/10370916.shtml,国际,2-19 14:30
今年以来菲律宾首都地区重点犯罪率同比下降21.7%,https://www.chinanews.com.cn/gj/2025/02-19/10370895.shtml,国际,2-19 14:30
东莞—香港国际空港中心进出口总值突破200亿元,https://www.chinanews.com.cn/dwq/2025/02-19/10370917.shtml,湾区,2-19 14:28
工商银行发布“工银+养老服务”2025行动方案,https://www.chinanews.com.cn/cj/2025/02-19/10370908.shtml,财经,2-19 14:28
教育部部署2025年度高等学历继续教育工作,https://www.chinanews.com.cn/edu/2025/02-19/10370888.shtml,教育,2-19 14:26
大力推动我国新能源高质量发展（深入学习贯彻习近平新时代中国特色社会主义思想）,https://www.chinanews.com.cn/ll/2025/02-19/10370920.shtml,理论,2-19 14:26
助力解决“头顶大事”，工行这样做……,https://www.chinanews.com.cn/cj/2025/02-19/10370919.shtml,财经,2-19 14:25
王毅会见玻利维亚外长索萨,https://www.chinanews.com.cn/gn/2025/02-19/10370915.shtml,时政,2-19 14:24
广西藤县突发一起交通事故 致6死2伤,https://www.chinanews.com.cn/sh/2025/02-19/10370912.shtml,社会,2-19 14:22
雪场求带飞，却被“黑导”废,https://www.chinanews.com.cn/sh/2025/02-19/10370910.shtml,社会,2-19 14:18
2024年上海市商务工作取得显著成绩,https://www.chinanews.com.cn/cj/2025/02-19/10370896.shtml,财经,2-19 14:17
广西2024年多举措支持重大产业项目加快发展,https://www.chinanews.com.cn/cj/2025/02-19/10370897.shtml,财经,2-19 14:17
WCBA：陕西女篮常规赛收官 球队创历史最佳战绩,https://www.chinanews.com.cn/ty/2025/02-19/10370892.shtml,体育,2-19 14:16
蓬勃生长，河北跨境电商聚新成势,https://www.chinanews.com.cn/cj/2025/02-19/10370909.shtml,财经,2-19 14:13
【代表委员履职故事】蒙爱军：擦亮“村”字号 让传统文化焕发时代光彩,https://www.chinanews.com.cn/gn/2025/02-19/10370907.shtml,时政,2-19 14:11
西藏琼结县：养蜂产业收益37.85万元 开启“生态+经济”双赢新篇,https://www.chinanews.com.cn/sh/2025/02-19/10370894.shtml,社会,2-19 14:08
2025年全国两会即将召开：代表持续关注“一老一少”议题,https://www.chinanews.com.cn/gn/2025/02-19/10370904.shtml,时政,2-19 13:59
埃及将主办阿拉伯国家紧急峰会讨论巴勒斯坦问题,https://www.chinanews.com.cn/gj/2025/02-19/10370893.shtml,国际,2-19 13:59
一段被中国互联网激活的国际友谊,https://www.chinanews.com.cn/sh/2025/02-19/10370899.shtml,社会,2-19 13:54
去年广东民营企业进出口5.8万亿元 同比增长15.2%,https://www.chinanews.com.cn/cj/2025/02-19/10370889.shtml,财经,2-19 13:44
辽宁12345正式接入DeepSeek,https://www.chinanews.com.cn/sh/2025/02-19/10370890.shtml,社会,2-19 13:43
退役空客飞机运抵天津东疆 将打造新旅游综合体,https://www.chinanews.com.cn/sh/2025/02-19/10370887.shtml,社会,2-19 13:42
宁夏贺兰：平菇撑开“致富伞” 乡村振兴再添新动能,https://www.chinanews.com.cn/sh/2025/02-19/10370877.shtml,社会,2-19 13:29
2024年中国考古新发现揭晓 13个遗址项目入选入围,https://www.chinanews.com.cn/cul/2025/02-19/10370880.shtml,文化,2-19 13:26
广西藤县一辆面包车与半挂牵引车相撞 致6死2伤,https://www.chinanews.com.cn/sh/2025/02-19/10370878.shtml,社会,2-19 13:24
“可靠且始终如一的伙伴”非媒称赞中国以实际行动助力非洲基础设施建设,https://www.chinanews.com.cn/ydyl/2025/02-19/10370886.shtml,一带一路,2-19 13:23
国家网信办：查处“开个密室馆”等82款违法违规App,https://www.chinanews.com.cn/gn/2025/02-19/10370885.shtml,时政,2-19 13:22
新疆外贸动能强劲,https://www.chinanews.com.cn/ydyl/2025/02-19/10370884.shtml,一带一路,2-19 13:22
深观察丨“现在正是欧洲反思错误并改变方向的时刻”,https://www.chinanews.com.cn/gj/2025/02-19/10370881.shtml,国际,2-19 13:20
中巴经济走廊加速升级,https://www.chinanews.com.cn/ydyl/2025/02-19/10370882.shtml,一带一路,2-19 13:18
登顶全球动画电影票房榜！“魔童”哪吒书写新篇章,https://www.chinanews.com.cn/cul/2025/02-19/10370879.shtml,文化,2-19 13:17
网络兼职有陷阱，网警提醒：如何预防被坑被骗？,https://www.chinanews.com.cn/sh/2025/02-19/10370876.shtml,社会,2-19 13:13
麻疹：你以为它消失了？其实它就在你身边！,https://www.chinanews.com.cn/jk/2025/02-19/10370875.shtml,健康,2-19 13:06
王毅谈安理会高级别会议就重振多边主义达成共识,https://www.chinanews.com.cn/gn/2025/02-19/10370873.shtml,时政,2-19 12:57
王毅谈安理会如何更好履职,https://www.chinanews.com.cn/gn/2025/02-19/10370871.shtml,时政,2-19 12:56
王毅主持联合国安理会“践行多边主义、改革完善全球治理”高级别会议,https://www.chinanews.com.cn/gn/2025/02-19/10370870.shtml,时政,2-19 12:55
爱拼就会赢！民营企业大显身手正当其时,https://www.chinanews.com.cn/gn/2025/02-19/10370874.shtml,时政,2-19 12:53
学习时节｜这项重要工作，事关治国理政、定国安邦,https://www.chinanews.com.cn/gn/2025/02-19/10370872.shtml,时政,2-19 12:49
2018→2025，这个会议再次召开，释放哪些信号？,https://www.chinanews.com.cn/gn/2025/02-19/10370869.shtml,时政,2-19 12:41
报告：电商产业带数智化给县域经济带来新活力,https://www.chinanews.com.cn/cj/2025/02-19/10370868.shtml,财经,2-19 12:40
中央统战部召开2025年全面从严治党工作会议,https://www.chinanews.com.cn/gn/2025/02-19/10370867.shtml,时政,2-19 12:28
报告：超半数人形机器人领域相关企业来自中国,https://www.chinanews.com.cn/cj/2025/02-19/10370865.shtml,财经,2-19 12:26
肯德基美国总部将搬离肯塔基,https://www.chinanews.com.cn/cj/2025/02-19/10370864.shtml,财经,2-19 12:26
市场监管总局：鼓励、支持、保护民营企业加快发展,https://www.chinanews.com.cn/cj/2025/02-19/10370866.shtml,财经,2-19 12:18
广西藤县一面包车与大货车相撞致6死2伤,https://www.chinanews.com.cn/sh/2025/02-19/10370861.shtml,社会,2-19 12:06
50岁丘索维金娜复出，冲击洛杉矶奥运会,https://www.chinanews.com.cn/ty/2025/02-19/10370857.shtml,体育,2-19 11:48
巴西前总统博索纳罗被控涉嫌策划政变,https://www.chinanews.com.cn/gj/2025/02-19/10370858.shtml,国际,2-19 11:47
以外长称将于本周启动加沙停火协议第二阶段谈判,https://www.chinanews.com.cn/gj/2025/02-19/10370828.shtml,国际,2-19 11:45
最高检：273个大数据法律监督模型助力检察公益诉讼办案提质增效,https://www.chinanews.com.cn/gn/2025/02-19/10370836.shtml,时政,2-19 11:45
最高检：去年前11月立案办理民生领域公益诉讼案件9.2万余件,https://www.chinanews.com.cn/gn/2025/02-19/10370833.shtml,时政,2-19 11:40
2025年8件健康实事将为老百姓带来哪些实惠？,https://www.chinanews.com.cn/jk/2025/02-19/10370856.shtml,健康,2-19 11:30
2025年高考时间定了！6月7日开始举行,https://www.chinanews.com.cn/edu/2025/02-19/10370854.shtml,教育,2-19 11:25
哈马斯：“准备一次性释放所有以色列被扣押人员”,https://www.chinanews.com.cn/gj/2025/02-19/10370847.shtml,国际,2-19 11:23
中国大模型火出圈 行业内外共花香,https://www.chinanews.com.cn/cj/2025/02-19/10370850.shtml,财经,2-19 11:21
《哪吒2》延长上映至3月30日,https://www.chinanews.com.cn/cul/2025/02-19/10370853.shtml,文化,2-19 11:18
多地政务系统接入DeepSeek意味着什么？,https://www.chinanews.com.cn/gn/2025/02-19/10370855.shtml,时政,2-19 11:17
上海以多样化实践路径积极探索实现“幼儿发展优先”,https://www.chinanews.com.cn/sh/2025/02-19/10370848.shtml,社会,2-19 11:16
最高检：检察机关7年立案办理公益诉讼案件超110.1万件,https://www.chinanews.com.cn/fz/2025/02-19/10370832.shtml,法治,2-19 11:15
教育部关于做好2025年普通高校招生工作的通知,https://www.chinanews.com.cn/edu/2025/02-19/10370852.shtml,教育,2-19 11:11
帮老年人戒“网瘾”，不能只靠放假大学生,https://www.chinanews.com.cn/sh/2025/02-19/10370849.shtml,社会,2-19 11:08
贵州省安顺市人大常委会副主任代敏接受审查调查,https://www.chinanews.com.cn/gn/2025/02-19/10370816.shtml,时政,2-19 11:07
贵州省遵义医科大学党委委员王达利接受审查调查,https://www.chinanews.com.cn/gn/2025/02-19/10370812.shtml,时政,2-19 11:07
促进民营经济发展如何打好“组合拳”？各地出招,https://www.chinanews.com.cn/cj/2025/02-19/10370846.shtml,财经,2-19 11:04
教育部部署做好2025年普通高校招生工作,https://www.chinanews.com.cn/edu/2025/02-19/10370835.shtml,教育,2-19 11:04
节后旅游市场热度不减 错峰游火热,https://www.chinanews.com.cn/sh/2025/02-19/10370845.shtml,社会,2-19 11:03
西部地区重点设施建设加速推进,https://www.chinanews.com.cn/cj/2025/02-19/10370842.shtml,财经,2-19 11:02
文化中国行丨二十四节气·雨水 好雨知时节 当春乃发生,https://www.chinanews.com.cn/cul/2025/02-19/10370841.shtml,文化,2-19 11:01
2024 YR4小行星将撞击地球？真相是……,https://www.chinanews.com.cn/sh/2025/02-19/10370840.shtml,社会,2-19 11:01
金观平：厚植民营经济发展沃土,https://www.chinanews.com.cn/cj/2025/02-19/10370843.shtml,财经,2-19 11:01
我国巩固拓展脱贫攻坚成果取得积极成效,https://www.chinanews.com.cn/cj/2025/02-19/10370839.shtml,财经,2-19 11:00
多地就业市场迎“春风” 多举措助推求职复工“加速度”,https://www.chinanews.com.cn/sh/2025/02-19/10370838.shtml,社会,2-19 10:59
2025高考时间公布 为考生加油！,https://www.chinanews.com.cn/edu/2025/02-19/10370837.shtml,教育,2-19 10:55
乘着“冬”风，东北迎来冰雪经济新机遇,https://www.chinanews.com.cn/cj/2025/02-19/10370805.shtml,财经,2-19 10:48
特朗普下令解雇所有剩余的“拜登时代”联邦检察官,https://www.chinanews.com.cn/gj/2025/02-19/10370834.shtml,国际,2-19 10:47
刘梦婷等14人拟被记大功,https://www.chinanews.com.cn/ty/2025/02-19/10370803.shtml,体育,2-19 10:45
战力爆表！登顶的吒儿，最强法宝是……,https://www.chinanews.com.cn/sh/2025/02-19/10370831.shtml,社会,2-19 10:43
青岛海牛举行2025赛季中超出征仪式 首战将上演“青岛德比”,https://www.chinanews.com.cn/ty/2025/02-19/10370814.shtml,体育,2-19 10:43
沈阳市建设东北亚国际化中心城市发布暨招商活动首尔分会场顺利举行,https://www.chinanews.com.cn/cj/2025/02-19/10370826.shtml,财经,2-19 10:42
重庆渝北冲刺“开门红” 助房地产市场健康发展,https://www.chinanews.com.cn/cj/2025/02-19/10370823.shtml,财经,2-19 10:41
“饺子导演”带货？已查处400余个账号，只有一个是真的,https://www.chinanews.com.cn/cul/2025/02-19/10370827.shtml,文化,2-19 10:36
《哪吒2》盘活了哪些文物,https://www.chinanews.com.cn/cul/2025/02-19/10370825.shtml,文化,2-19 10:34
特朗普批评泽连斯基：“不应该开始这一切”,https://www.chinanews.com.cn/gj/2025/02-19/10370777.shtml,国际,2-19 10:32
最高人民法院发布军事设施司法保护典型案例,https://www.chinanews.com.cn/gn/2025/02-19/10370815.shtml,时政,2-19 10:29
光电叠层转化 中国高校团队在太阳电池领域取得突破,https://www.chinanews.com.cn/sh/2025/02-19/10370817.shtml,社会,2-19 10:28
隐私可能被窃取 小心AI伴侣背后的“温柔陷阱”,https://www.chinanews.com.cn/fz/2025/02-19/10370819.shtml,法治,2-19 10:27
2024年中国考古新发现揭晓发布,https://www.chinanews.com.cn/cul/2025/02-19/10370810.shtml,文化,2-19 10:24
（乡村行·看振兴）庐山脚下探“杏林春暖” 千年中医药文化再“飘香”,https://www.chinanews.com.cn/sh/2025/02-19/10370808.shtml,社会,2-19 10:24
（乡村行·看振兴）庐山脚下探“杏林春暖” 千年中医药文化再“飘香”,https://www.chinanews.com.cn/sh/2025/02-19/10370808.shtml,社会,2-19 10:24
1月70城房价出炉：南京、成都环涨0.7%领跑,https://www.chinanews.com.cn/cj/2025/02-19/10370786.shtml,财经,2-19 10:23
就岸田文雄遇袭事件 日本法院判处嫌疑人有期徒刑10年,https://www.chinanews.com.cn/gj/2025/02-19/10370809.shtml,国际,2-19 10:23
6万元买卖饺子导演“高仿号”带货，侵权吗？律师解读→,https://www.chinanews.com.cn/fz/2025/02-19/10370807.shtml,法治,2-19 10:11
2月19日央行开展5389亿元7天期逆回购操作,https://www.chinanews.com.cn/cj/2025/02-19/10370771.shtml,财经,2-19 10:11
警惕“云养经济”背后的欺诈陷阱,https://www.chinanews.com.cn/sh/2025/02-19/10370806.shtml,社会,2-19 10:10
广东湛江一中学禁止学生自带面包？校方回应,https://www.chinanews.com.cn/sh/2025/02-19/10370754.shtml,社会,2-19 10:03
流感等于感冒？丨中新真探,https://www.chinanews.com.cn/life/2025/02-19/10370795.shtml,生活,2-19 10:01
“饭后百步走”走不对反而伤身？养生指南来了,https://www.chinanews.com.cn/jk/2025/02-19/10370801.shtml,健康,2-19 10:01
图解｜为新质生产力注入数据要素澎湃动能,https://www.chinanews.com.cn/cj/2025/02-19/10370800.shtml,财经,2-19 09:59
【文化评析】《哪吒2》蕴藏的巨大能量,https://www.chinanews.com.cn/cul/2025/02-19/10370798.shtml,文化,2-19 09:58
中新网评：小屏展现大国风采 汇聚团结奋斗力量,https://www.chinanews.com.cn/ll/2025/02-19/10370791.shtml,理论,2-19 09:56
中经评论：民营企业发展正当时,https://www.chinanews.com.cn/ll/2025/02-19/10370797.shtml,理论,2-19 09:56
民营企业活力展现中国经济潜力（和音）,https://www.chinanews.com.cn/cj/2025/02-19/10370796.shtml,财经,2-19 09:55
匈牙利外长：与中国的合作受益匪浅,https://www.chinanews.com.cn/gj/2025/02-19/10370793.shtml,国际,2-19 09:54
南非2024年第四季度失业率降至31.9%,https://www.chinanews.com.cn/gj/2025/02-19/10370785.shtml,国际,2-19 09:54
跨大西洋裂痕渐深 欧美已到“脱钩时刻”？,https://www.chinanews.com.cn/gj/2025/02-19/10370792.shtml,国际,2-19 09:54
斯里兰卡专家：中国为世界经济作出巨大贡献 美西方应加强对华合作,https://www.chinanews.com.cn/ydyl/2025/02-19/10370790.shtml,一带一路,2-19 09:53
评论丨中国对美实施贸易反制具有正当性,https://www.chinanews.com.cn/gsztc/2025/02-19/10370759.shtml,国是直通车,2-19 09:51
老外试驾中国电车：这车太酷了，敌视中国的人就是纯纯嫉妒,https://www.chinanews.com.cn/cj/2025/02-19/10370789.shtml,财经,2-19 09:50
比利时与荷兰农场接连暴发禽流感疫情 逾18万只家禽被扑杀,https://www.chinanews.com.cn/gj/2025/02-19/10370776.shtml,国际,2-19 09:48
王毅主持联合国安理会“践行多边主义、改革完善全球治理”高级别会议,https://www.chinanews.com.cn/gn/2025/02-19/10370788.shtml,时政,2-19 09:48
学习笔记丨大有可为、大显身手！习近平这些话说到民营企业家心坎上,https://www.chinanews.com.cn/gn/2025/02-19/10370787.shtml,时政,2-19 09:46
党和国家对民营经济发展的基本方针政策不会变,https://www.chinanews.com.cn/gn/2025/02-19/10370784.shtml,时政,2-19 09:44
王毅会见玻利维亚外长索萨,https://www.chinanews.com.cn/gn/2025/02-19/10370781.shtml,时政,2-19 09:42
焦点访谈丨开创民营经济发展新局面 这场重磅会议还释放了哪些信号？,https://www.chinanews.com.cn/gn/2025/02-19/10370780.shtml,时政,2-19 09:41
意料之中，AI公务员上岗了！,https://www.chinanews.com.cn/gsztc/2025/02-19/10370761.shtml,国是直通车,2-19 09:41
王毅谈中方对加沙冲突的立场,https://www.chinanews.com.cn/gn/2025/02-19/10370779.shtml,时政,2-19 09:40
2月19日人民币对美元中间价报7.1705元 下调8个基点,https://www.chinanews.com.cn/cj/2025/02-19/10370768.shtml,财经,2-19 09:39
王毅谈安理会如何更好履职,https://www.chinanews.com.cn/gn/2025/02-19/10370778.shtml,时政,2-19 09:38
美国参议院确认霍华德·卢特尼克出任商务部长,https://www.chinanews.com.cn/gj/2025/02-19/10370748.shtml,国际,2-19 09:38
布鲁塞尔孔子学院举办蛇年新春联欢活动,https://www.chinanews.com.cn/hr/2025/02-19/10370773.shtml,华人,2-19 09:37
王毅谈安理会高级别会议就重振多边主义达成共识,https://www.chinanews.com.cn/gn/2025/02-19/10370775.shtml,时政,2-19 09:36
国家统计局：1月份一线城市商品住宅销售价格环比继续上涨,https://www.chinanews.com.cn/cj/2025/02-19/10370774.shtml,财经,2-19 09:35
住房城乡建设部：加快推进配售型保障性住房轮候库建设工作,https://www.chinanews.com.cn/gn/2025/02-19/10370770.shtml,时政,2-19 09:32
（寻味中华｜文博）小巧铜手炉：古人“暖手宝”,https://www.chinanews.com.cn/cul/2025/02-19/10370765.shtml,文化,2-19 09:31
（神州写真）服务升级业态成长 旅居渐成中国人生活新潮流,https://www.chinanews.com.cn/sh/2025/02-19/10370766.shtml,社会,2-19 09:30
“笑哭”了，饺子与哪吒的20件趣事（全网集锦版）,https://www.chinanews.com.cn/cul/2025/02-19/10370762.shtml,文化,2-19 09:24
中共全国政协党组理论学习中心组举行二〇二五年第一次集体学习 王沪宁主持并讲话,https://www.chinanews.com.cn/gn/2025/02-19/10370758.shtml,时政,2-19 09:22
2024年中国考古新发现公布 浙江仙居县下汤遗址、武王墩一号墓等入选,https://www.chinanews.com.cn/cul/2025/02-19/10370753.shtml,文化,2-19 09:18
周星驰Cosplay哪吒造型，连发10遍要看哪吒2,https://www.chinanews.com.cn/cul/2025/02-19/10370751.shtml,文化,2-19 09:14
【学习读本（32）】坚持和发展中国特色社会主义宗教理论,https://www.chinanews.com.cn/gn/2025/02-19/10370750.shtml,时政,2-19 09:10
多地课间延长至15分钟，多出的5分钟从哪来？,https://www.chinanews.com.cn/edu/2025/02-19/10370749.shtml,教育,2-19 09:09
中疾控发布提示：2月需关注这些传染病,https://www.chinanews.com.cn/jk/2025/02-19/10370747.shtml,健康,2-19 09:00
中央气象台：未来十天南方地区多阴雨天气,https://www.chinanews.com.cn/sh/2025/02-19/10370745.shtml,社会,2-19 08:57
今明天南方大范围阴雨持续 华北黄淮陆续迎雨雪,https://www.chinanews.com.cn/sh/2025/02-19/10370746.shtml,社会,2-19 08:56
“临时性任务”不受减负“白名单”约束？隐性考核困扰教师,https://www.chinanews.com.cn/sh/2025/02-19/10370744.shtml,社会,2-19 08:53
美俄会谈后，特朗普首次发声,https://www.chinanews.com.cn/gj/2025/02-19/10370741.shtml,国际,2-19 08:49
交5988元就能搭上动画行业“快车”？警惕培训市场报班热背后的陷阱,https://www.chinanews.com.cn/sh/2025/02-19/10370742.shtml,社会,2-19 08:49
春播全面启动 各地全力保障春耕农资需求,https://www.chinanews.com.cn/cj/2025/02-19/10370736.shtml,财经,2-19 08:31
持续打造新产品新场景新热点，推动新型消费加快发展 三问新型消费,https://www.chinanews.com.cn/cj/2025/02-19/10370735.shtml,财经,2-19 08:24
历时4个半小时 俄美会谈为何“谈得不错”？,https://www.chinanews.com.cn/gj/2025/02-19/10370734.shtml,国际,2-19 08:24
“霞姐”拍英语短视频卖苹果,https://www.chinanews.com.cn/sh/2025/02-19/10370733.shtml,社会,2-19 08:21
智能算力规模增长超七成释放啥信号,https://www.chinanews.com.cn/cj/2025/02-19/10370732.shtml,财经,2-19 08:19
中央气象台：西南地区东部至长江中下游地区多阴雨,https://www.chinanews.com.cn/sh/2025/02-19/10370723.shtml,社会,2-19 08:18
马克龙：法国未准备向乌克兰前线派遣地面部队,https://www.chinanews.com.cn/gj/2025/02-19/10370686.shtml,国际,2-19 08:16
网络购物、知识付费……青年引领数字消费新风潮,https://www.chinanews.com.cn/cj/2025/02-19/10370731.shtml,财经,2-19 08:13
泰国银行业不良贷款率略有下降,https://www.chinanews.com.cn/gj/2025/02-19/10370684.shtml,国际,2-19 08:13
破解“病假不好请”，守护职工健康权,https://www.chinanews.com.cn/sh/2025/02-19/10370730.shtml,社会,2-19 08:10
太原给物业公司定规矩，业主不满意可换！,https://www.chinanews.com.cn/sh/2025/02-19/10370729.shtml,社会,2-19 08:07
推进数据共享 释放数据价值,https://www.chinanews.com.cn/cj/2025/02-19/10370728.shtml,财经,2-19 08:04
再舞关税大棒！特朗普将对进口汽车征收25%左右关税,https://www.chinanews.com.cn/cj/2025/02-19/10370712.shtml,财经,2-19 08:04
美国得克萨斯州麻疹疫情确诊病例数增至58例,https://www.chinanews.com.cn/gj/2025/02-19/10370685.shtml,国际,2-19 08:00
从职场到生活 智能体“搭子”上线,https://www.chinanews.com.cn/cj/2025/02-19/10370719.shtml,财经,2-19 07:58
去北京六环外赶集,https://www.chinanews.com.cn/sh/2025/02-19/10370717.shtml,社会,2-19 07:56
“出片热”带火消费新潮流,https://www.chinanews.com.cn/cj/2025/02-19/10370716.shtml,财经,2-19 07:56
中国两会即将启幕 外国专家关注这些关键词,https://www.chinanews.com.cn/gn/2025/02-19/10370715.shtml,时政,2-19 07:53
AI翻译、短剧开发、嵌入文旅——网络文学出圈更出彩,https://www.chinanews.com.cn/cul/2025/02-19/10370714.shtml,文化,2-19 07:53
AI提醒我们“何为人类”,https://www.chinanews.com.cn/sh/2025/02-19/10370713.shtml,社会,2-19 07:52
特朗普：将对进口汽车征收约25%的关税,https://www.chinanews.com.cn/gj/2025/02-19/10370683.shtml,国际,2-19 07:46
保安保洁日赚几十亿 那么多反常识的微短剧从何而来,https://www.chinanews.com.cn/sh/2025/02-19/10370710.shtml,社会,2-19 07:44
@学生党 国家奖助学金涨了！覆盖面更广！,https://www.chinanews.com.cn/edu/2025/02-19/10370708.shtml,教育,2-19 07:41
母婴室与无障碍卫生间共用，如何告别“身份混淆”？,https://www.chinanews.com.cn/sh/2025/02-19/10370707.shtml,社会,2-19 07:41
全社会都可以来这里找数据！哪些数据可以查询？专家这样说→,https://www.chinanews.com.cn/cj/2025/02-19/10370705.shtml,财经,2-19 07:40
政策不打折扣 解决痛点难点 促进民营经济发展壮大接下来怎么干,https://www.chinanews.com.cn/cj/2025/02-19/10370703.shtml,财经,2-19 07:39
政务系统拥抱DeepSeek 带来了什么改变？,https://www.chinanews.com.cn/sh/2025/02-19/10370700.shtml,社会,2-19 07:36
花粉过敏高发季来了！专家：提前2到4周开始用药预防,https://www.chinanews.com.cn/life/2025/02-19/10370698.shtml,生活,2-19 07:34
王毅阐述中方对完善全球治理的看法,https://www.chinanews.com.cn/gn/2025/02-19/10370688.shtml,时政,2-19 07:32
王毅在联合国安理会“践行多边主义，改革完善全球治理”高级别会议上的讲话（全文）,https://www.chinanews.com.cn/gn/2025/02-19/10370696.shtml,时政,2-19 07:31
定调超大特大城市将带来哪些新机遇？专家解读→,https://www.chinanews.com.cn/cj/2025/02-19/10370693.shtml,财经,2-19 07:28
"这个""2.5亿""背后的""热辣滚烫""",https://www.chinanews.com.cn/cj/2025/02-19/10370692.shtml,财经,2-19 07:25
窃密者竟是他,https://www.chinanews.com.cn/gn/2025/02-19/10370691.shtml,时政,2-19 07:25
中国驻尼泊尔使馆举办藏历木蛇新年招待会,https://www.chinanews.com.cn/hr/2025/02-19/10370682.shtml,华人,2-19 07:20
一场四个半小时的俄美会谈为何震惊乌欧？一文梳理,https://www.chinanews.com.cn/gj/2025/02-19/10370687.shtml,国际,2-19 07:19
美国总统特朗普：可能将于本月底前与俄总统普京会面,https://www.chinanews.com.cn/gj/2025/02-19/10370680.shtml,国际,2-19 06:23
“妈妈岗”“大龄岗”化解就业招工“两头难”,https://www.chinanews.com.cn/sh/2025/02-19/10370679.shtml,社会,2-19 06:16
尹锡悦未出席弹劾案第九次正式辩论,https://www.chinanews.com.cn/gj/2025/02-19/10370676.shtml,国际,2-19 00:10
2024香港商界最关注十件大事揭晓,https://www.chinanews.com.cn/dwq/2025/02-19/10370677.shtml,湾区,2-19 00:07
俄外长：俄美将努力为恢复全面合作创造条件,https://www.chinanews.com.cn/gj/2025/02-19/10370678.shtml,国际,2-19 00:06
俄美决定成立双边关系磋商机制并继续推动解决乌克兰问题,https://www.chinanews.com.cn/gj/2025/02-19/10370675.shtml,国际,2-19 00:04
特写：跨越山海，雪域雏鹰遇上香江少年,https://www.chinanews.com.cn/dwq/2025/02-18/10370674.shtml,湾区,2-18 23:12
《哪吒之魔童闹海》在香港首映 民众感受惊艳特效与温情故事,https://www.chinanews.com.cn/dwq/2025/02-18/10370673.shtml,湾区,2-18 22:55
中国有色金属工业协会：对美国政府宣布调整铝进口关税的错误做法强烈不满、坚决反对,https://www.chinanews.com.cn/cj/2025/02-18/10370672.shtml,财经,2-18 22:44
“开学季”机器狗“舞狮”  杭州机器人应用场景涌现,https://www.chinanews.com.cn/sh/2025/02-18/10370671.shtml,社会,2-18 22:39
2025广府庙会落幕 吸引超过480万人次参与,https://www.chinanews.com.cn/cul/2025/02-18/10370670.shtml,文化,2-18 22:19
墨西哥科学院院长：应谨防人工智能被滥用,https://www.chinanews.com.cn/sh/2025/02-18/10370669.shtml,社会,2-18 22:16
爱奇艺2024年总收入292.3亿元：连续三年运营盈利 “长+短”双引擎驱动新增长,https://www.chinanews.com.cn/cj/2025/02-18/10370668.shtml,财经,2-18 22:11
俄美在沙特谈了这些，乌克兰问题有解了？| 国际识局,https://www.chinanews.com.cn/gj/2025/02-18/10370667.shtml,国际,2-18 22:11
哈萨克斯坦与亚美尼亚警方联手捣毁一跨国电诈集团,https://www.chinanews.com.cn/gj/2025/02-18/10370520.shtml,国际,2-18 22:04
（国际观察）欧洲国家领导人紧急聚首应对“时代变局”,https://www.chinanews.com.cn/gj/2025/02-18/10370523.shtml,国际,2-18 22:04
哈萨克斯坦近600名博主因少报收入被追缴税款,https://www.chinanews.com.cn/gj/2025/02-18/10370531.shtml,国际,2-18 22:03
阿布扎比高级别经济代表团访华 寻求推动新兴产业战略合作,https://www.chinanews.com.cn/gj/2025/02-18/10370577.shtml,国际,2-18 22:03
欧洲学者谈人工智能发展：各项挑战应合作解决,https://www.chinanews.com.cn/gj/2025/02-18/10370583.shtml,国际,2-18 22:03
东西问丨林毅夫：中国式现代化为发展中国家“打了个样”,https://www.chinanews.com.cn/gn/2025/02-18/10370665.shtml,时政,2-18 22:03
助力中非联合研究 源荷协同智能微网试验舱启用,https://www.chinanews.com.cn/gj/2025/02-18/10370605.shtml,国际,2-18 22:03
首个东盟国家免签旅游团入境中国西双版纳,https://www.chinanews.com.cn/sh/2025/02-18/10370653.shtml,社会,2-18 22:00
潘功胜：新兴市场经济体应提升汇率弹性,https://www.chinanews.com.cn/cj/2025/02-18/10370662.shtml,财经,2-18 21:55
“多彩中华”文艺演出亮相巴西圣保罗元宵庆典,https://www.chinanews.com.cn/hr/2025/02-18/10370658.shtml,华人,2-18 21:54
英语教育专家冀更多青少年讲好香港故事,https://www.chinanews.com.cn/dwq/2025/02-18/10370661.shtml,湾区,2-18 21:54
调查称台湾上班族逾九成二不满当前薪资,https://www.chinanews.com.cn/gn/2025/02-18/10370663.shtml,时政,2-18 21:52
中国和海合会央行行长首次举行面对面会议,https://www.chinanews.com.cn/cj/2025/02-18/10370654.shtml,财经,2-18 21:52
侨见海南自贸港：逛骑楼老街，感受南洋风情,https://www.chinanews.com.cn/hr/2025/02-18/10370646.shtml,华人,2-18 21:49
成都世运会征集科技“尖货” 推动体育与科技深度融合,https://www.chinanews.com.cn/ty/2025/02-18/10370644.shtml,体育,2-18 21:49
海口海关发布十项措施促海南自贸港旅游消费升级,https://www.chinanews.com.cn/cj/2025/02-18/10370643.shtml,财经,2-18 21:48
第五届中国跨境电商交易会3月将在福州举行,https://www.chinanews.com.cn/cj/2025/02-18/10370639.shtml,财经,2-18 21:48
宁夏召开2025年第一次为企业纾困解难集中办公会,https://www.chinanews.com.cn/cj/2025/02-18/10370638.shtml,财经,2-18 21:47
走进联合国！《哪吒2》特别展映活动在纽约举行,https://www.chinanews.com.cn/cul/2025/02-18/10370659.shtml,文化,2-18 21:46
湖北宜昌： “引客入宜” 建设世界级旅游目的地,https://www.chinanews.com.cn/sh/2025/02-18/10370652.shtml,社会,2-18 21:43
述评：浙江“文化+”如何融合发展？,https://www.chinanews.com.cn/sh/2025/02-18/10370648.shtml,社会,2-18 21:42
时政微观察丨民营经济大显身手正当其时,https://www.chinanews.com.cn/gn/2025/02-18/10370656.shtml,时政,2-18 21:42
菲仕兰发布2024年报 全球和中国业绩喜人,https://www.chinanews.com.cn/life/2025/02-18/10370650.shtml,生活,2-18 21:36
中新健康丨“80后死亡率”为何出现误导数据？专家解读,https://www.chinanews.com.cn/cj/2025/02-18/10370640.shtml,财经,2-18 21:31
习言道｜重磅座谈会，习近平为“自己人”鼓信心,https://www.chinanews.com.cn/gn/2025/02-18/10370645.shtml,时政,2-18 21:30
山东省党外知识分子联谊会会员代表大会暨三届一次理事会召开,https://www.chinanews.com.cn/txy/2025/02-18/10370603.shtml,无分类,2-18 21:25
中国北京与泰国曼谷生态环境部门开启合作 助力空气质量改善,https://www.chinanews.com.cn/gn/2025/02-18/10370624.shtml,时政,2-18 21:24
青海电网基建工程陆续开复工 计划投资超80亿,https://www.chinanews.com.cn/cj/2025/02-18/10370615.shtml,财经,2-18 21:23
浙南首家“直升机6S店”将落地瑞安 普通人“想飞就飞”,https://www.chinanews.com.cn/cj/2025/02-18/10370618.shtml,财经,2-18 21:23
长沙经开区持续深化“项目建设提速年”,https://www.chinanews.com.cn/cj/2025/02-18/10370619.shtml,财经,2-18 21:22
杭州·中国画双年展启幕 探寻中国画传承密码,https://www.chinanews.com.cn/cul/2025/02-18/10370620.shtml,文化,2-18 21:22
青海检方：把生态环境保护作为全省检察履职优先方向,https://www.chinanews.com.cn/gn/2025/02-18/10370621.shtml,时政,2-18 21:21
广西将推中国标准海外应用试点对接东盟,https://www.chinanews.com.cn/cj/2025/02-18/10370632.shtml,财经,2-18 21:21
台湾税收超征创新高 舆论指特别预算吃空财政,https://www.chinanews.com.cn/gn/2025/02-18/10370633.shtml,时政,2-18 21:20
香港2024年底人口为753.42万 连续三年增长,https://www.chinanews.com.cn/dwq/2025/02-18/10370634.shtml,湾区,2-18 21:19
中国电影《哪吒之魔童闹海》登顶全球动画电影票房榜,https://www.chinanews.com.cn/cul/2025/02-18/10370635.shtml,文化,2-18 21:19
香港国际法律人才培训学院与司法部合办涉外仲裁人才培训班,https://www.chinanews.com.cn/dwq/2025/02-18/10370629.shtml,湾区,2-18 21:18
北京大学“影像环保”课程开讲 引领学生重识环境史,https://www.chinanews.com.cn/sh/2025/02-18/10370630.shtml,社会,2-18 21:17
广西南宁一季度158个项目开（竣）工 总投资逾740亿元,https://www.chinanews.com.cn/cj/2025/02-18/10370631.shtml,财经,2-18 21:17
浙江城际铁路“隐形守护者”：以声音为桥 传递爱与温暖,https://www.chinanews.com.cn/sh/2025/02-18/10370622.shtml,社会,2-18 21:15
多位高校领导被查，有人主动投案,https://www.chinanews.com.cn/gn/2025/02-18/10370628.shtml,时政,2-18 21:09
193个台湾蝴蝶兰新品种福建漳州亮相,https://www.chinanews.com.cn/sh/2025/02-18/10370614.shtml,社会,2-18 21:08
北京启动返工季惠民租房活动 首批提供近13万套优惠房源,https://www.chinanews.com.cn/sh/2025/02-18/10370616.shtml,社会,2-18 21:05
一艘外轮在福州罗源湾触礁搁浅后获救,https://www.chinanews.com.cn/sh/2025/02-18/10370617.shtml,社会,2-18 21:03
学习时节｜大湾区联通大未来,https://www.chinanews.com.cn/gn/2025/02-18/10370627.shtml,时政,2-18 21:00
宁夏贺兰推出“葡杞贷” 拓宽创业青年致富路,https://www.chinanews.com.cn/cj/2025/02-18/10370613.shtml,财经,2-18 21:00
一见·从这场座谈会，感悟总书记对民营企业的一贯支持,https://www.chinanews.com.cn/gn/2025/02-18/10370626.shtml,时政,2-18 20:58
湖南首个艺术博物馆开馆 “大黄鸭之父”华中首次大型个展亮相,https://www.chinanews.com.cn/cul/2025/02-18/10370599.shtml,文化,2-18 20:57
全球票房持续攀升 “哪吒”何以触动当代观众,https://www.chinanews.com.cn/cul/2025/02-18/10370604.shtml,文化,2-18 20:45
中国国际清洁能源博览会3月在京举办 共探全球能源转型,https://www.chinanews.com.cn/cj/2025/02-18/10370598.shtml,财经,2-18 20:40
多地布局，抢抓“影视流量”,https://www.chinanews.com.cn/cj/2025/02-18/10370602.shtml,财经,2-18 20:39
（乡村行·看振兴）安徽黄山：赏花经济绽放美丽效应,https://www.chinanews.com.cn/sh/2025/02-18/10370597.shtml,社会,2-18 20:35
甘肃山丹汉明长城宛如“无言史书”演绎古今传奇,https://www.chinanews.com.cn/sh/2025/02-18/10370595.shtml,社会,2-18 20:35
福州市台协会换届 将力促“以商引商、以台引台”,https://www.chinanews.com.cn/gn/2025/02-18/10370582.shtml,时政,2-18 20:18
国内首台200兆瓦光热汽轮机发运,https://www.chinanews.com.cn/cj/2025/02-18/10370590.shtml,财经,2-18 20:17
中国1月银行结售汇逆差453亿美元,https://www.chinanews.com.cn/cj/2025/02-18/10370584.shtml,财经,2-18 20:16
青海省实现二手车经销企业入限纳统,https://www.chinanews.com.cn/cj/2025/02-18/10370589.shtml,财经,2-18 20:16
汇丰看好中国人工智能带来的市场机遇,https://www.chinanews.com.cn/cj/2025/02-18/10370585.shtml,财经,2-18 20:16
台媒：因台中爆炸事故负伤的澳门女童存活概率大增,https://www.chinanews.com.cn/gn/2025/02-18/10370586.shtml,时政,2-18 20:15
宁夏五部门印发全面实施个人养老金制度工作方案,https://www.chinanews.com.cn/cj/2025/02-18/10370587.shtml,财经,2-18 20:15
香港海关2024年处理逾3万宗案件 检获货品总值逾91亿港元,https://www.chinanews.com.cn/dwq/2025/02-18/10370580.shtml,湾区,2-18 20:14
“亚洲飞人”苏炳添2025赛季首秀夺冠,https://www.chinanews.com.cn/ty/2025/02-18/10370581.shtml,体育,2-18 20:12
多国专家合作预测中国儿童青少年2050年近视患病趋势，呼吁进一步落实国家近视防控战略,https://www.chinanews.com.cn/jk/2025/02-18/10370588.shtml,健康,2-18 20:11
90后“动车夫妻”护航旅客春运平安出行,https://www.chinanews.com.cn/sh/2025/02-18/10370579.shtml,社会,2-18 20:09
时令春菜“抢鲜”上市丰富各地“菜篮子” 市民品尝“春天的味道”,https://www.chinanews.com.cn/cj/2025/02-18/10370578.shtml,财经,2-18 20:03
重庆两江新区：“雪中送炭”成“长期供暖” 金融惠企“朋友圈”如何越扩越大？,https://www.chinanews.com.cn/cj/2025/02-18/10370567.shtml,财经,2-18 20:03
田间春管尽显“科技范儿” 希望的田野绘就绿意盎然“春景图”,https://www.chinanews.com.cn/sh/2025/02-18/10370576.shtml,社会,2-18 20:02
我的铁路风景：“流动中国”的温情叙事与文化图谱,https://www.chinanews.com.cn/sh/2025/02-18/10370575.shtml,社会,2-18 20:02
宋英杰向青少年讲述“二十四节气中的科学智慧”,https://www.chinanews.com.cn/sh/2025/02-18/10370566.shtml,社会,2-18 20:01
民营企业座谈会划定了哪些工作重点？专家解读,https://www.chinanews.com.cn/cj/2025/02-18/10370574.shtml,财经,2-18 20:01
辽宁大连：高技术船舶和海工装备配套产业大会举行 34个项目签约投资50.5亿元,https://www.chinanews.com.cn/cj/2025/02-18/10370562.shtml,财经,2-18 20:00
守护心中那团火（人民论坛）,https://www.chinanews.com.cn/ll/2025/02-18/10370573.shtml,理论,2-18 20:00
民生一件事 | 各地探索养老服务新模式 守护幸福“夕阳红”,https://www.chinanews.com.cn/sh/2025/02-18/10370572.shtml,社会,2-18 19:59
履职一年间丨擦亮“村”字号 他在调研中挖掘“流量”背后的文化密码,https://www.chinanews.com.cn/sh/2025/02-18/10370571.shtml,社会,2-18 19:58
中国正能量｜汇聚“指尖”星火，书写时代新篇,https://www.chinanews.com.cn/ll/2025/02-18/10370570.shtml,理论,2-18 19:57
新春汽车市场火热！各地纷纷拿出新招 加入“以旧换新”热潮,https://www.chinanews.com.cn/cj/2025/02-18/10370569.shtml,财经,2-18 19:56
春运返程客流持续高位 北京多措维护火车站周边交通秩序,https://www.chinanews.com.cn/sh/2025/02-18/10370561.shtml,社会,2-18 19:56
家电卖出超万亿元，动能在哪里（高质量发展看亮点·读数）,https://www.chinanews.com.cn/cj/2025/02-18/10370568.shtml,财经,2-18 19:55
人勤春来早 开工干劲足丨“中国速度”已是next level！“复兴号”家族全球最快成员将登场,https://www.chinanews.com.cn/sh/2025/02-18/10370565.shtml,社会,2-18 19:54
铁路“焊轨师”铸造春运舒适路,https://www.chinanews.com.cn/sh/2025/02-18/10370559.shtml,社会,2-18 19:53
云南禄劝：一图一针法为千年彝绣传承提供教案,https://www.chinanews.com.cn/sh/2025/02-18/10370558.shtml,社会,2-18 19:52
亚洲杯分组出炉，林诗栋迎登顶世界第一后首秀,https://www.chinanews.com.cn/ty/2025/02-18/10370556.shtml,体育,2-18 19:49
郭艾伦右眼受伤住院：以后可能打不了篮球了,https://www.chinanews.com.cn/ty/2025/02-18/10370555.shtml,体育,2-18 19:48
北京石景山启动全球伙伴合作招商计划 重点引进外资研发中心,https://www.chinanews.com.cn/cj/2025/02-18/10370554.shtml,财经,2-18 19:42
再创纪录！《哪吒2》登顶全球动画电影票房榜,https://www.chinanews.com.cn/cul/2025/02-18/10370552.shtml,文化,2-18 19:36
天津：“哪吒”IP赋能文旅融合 专家共探创新发展路径,https://www.chinanews.com.cn/cul/2025/02-18/10370547.shtml,文化,2-18 19:33
2025年北京将举办“双奥100”精品赛事198项,https://www.chinanews.com.cn/ty/2025/02-18/10370549.shtml,体育,2-18 19:33
当法国演员洛朗·班进入“长安十二时辰”,https://www.chinanews.com.cn/cul/2025/02-18/10370550.shtml,文化,2-18 19:33
沈阳举办建设东北亚国际化中心城市发布暨招商活动,https://www.chinanews.com.cn/cj/2025/02-18/10370548.shtml,财经,2-18 19:31
第四届中柬文化交流论坛在京举办,https://www.chinanews.com.cn/gn/2025/02-18/10370542.shtml,时政,2-18 19:19
辽宁广播电视集团（台）原党委常委、副台长韩冰被开除党籍,https://www.chinanews.com.cn/gn/2025/02-18/10370546.shtml,时政,2-18 19:16
辽宁省水利厅原巡视员刘明柱被开除党籍,https://www.chinanews.com.cn/gn/2025/02-18/10370545.shtml,时政,2-18 19:15
浙江首发经济服务平台上线 激发消费动能,https://www.chinanews.com.cn/cj/2025/02-18/10370540.shtml,财经,2-18 19:15
云南省审计厅原党组书记、厅长刘明被开除党籍,https://www.chinanews.com.cn/gn/2025/02-18/10370544.shtml,时政,2-18 19:14
宁夏：铁路部门为农户春耕送去“及时雨”,https://www.chinanews.com.cn/cj/2025/02-18/10370539.shtml,财经,2-18 19:14
云南省科学技术厅原党组书记、厅长龙江被开除党籍,https://www.chinanews.com.cn/gn/2025/02-18/10370543.shtml,时政,2-18 19:13
云南省昆明市委原副书记、市长王喜良被开除党籍,https://www.chinanews.com.cn/gn/2025/02-18/10370541.shtml,时政,2-18 19:10
苏皖两省三地法院在扬州签署《环高邮湖生态环境资源司法协作宣言》,https://www.chinanews.com.cn/sh/2025/02-18/10370534.shtml,社会,2-18 19:03
长三角“一地六县”携手共谋社会工作协同发展,https://www.chinanews.com.cn/gn/2025/02-18/10370533.shtml,时政,2-18 19:03
中缅边境打洛口岸开通“紧急通道” 助重伤旅客入境就医,https://www.chinanews.com.cn/sh/2025/02-18/10370532.shtml,社会,2-18 19:00
上海民企紧盯前沿科技 提升城市“科创浓度”,https://www.chinanews.com.cn/cj/2025/02-18/10370530.shtml,财经,2-18 18:59
冰雪经济“热力”不断 赴阿勒泰航线热度上升,https://www.chinanews.com.cn/cj/2025/02-18/10370529.shtml,财经,2-18 18:58
2025年国际射联射击世界杯落户浙江宁波,https://www.chinanews.com.cn/ty/2025/02-18/10370528.shtml,体育,2-18 18:58
（碳路中国）海南推广新能源汽车：减碳路径上的“绿色车轮”,https://www.chinanews.com.cn/cj/2025/02-18/10370527.shtml,财经,2-18 18:58
2025中国环塔国际拉力赛新增新能源组,https://www.chinanews.com.cn/ty/2025/02-18/10370524.shtml,体育,2-18 18:57
推动合作共兴旅游 宁港文旅冀两地民众“常来常往”,https://www.chinanews.com.cn/sh/2025/02-18/10370526.shtml,社会,2-18 18:56
香港特区政府更新人才清单 新增9项专业,https://www.chinanews.com.cn/dwq/2025/02-18/10370522.shtml,湾区,2-18 18:52
课程、练习、阅读全上新，学而思打造智能硬件“三好生”,https://www.chinanews.com.cn/cj/2025/02-18/10370525.shtml,财经,2-18 18:51
中蒙珠恩嘎达布其口岸今年进出口货运量突破百万吨,https://www.chinanews.com.cn/cj/2025/02-18/10370521.shtml,财经,2-18 18:34
甘肃沙漠边缘小城：“农业新业态”破解资源型缺水之困,https://www.chinanews.com.cn/sh/2025/02-18/10370516.shtml,社会,2-18 18:29
广西电力部门助企提速复产稳产  奋战一季度“开门红”,https://www.chinanews.com.cn/cj/2025/02-18/10370515.shtml,财经,2-18 18:29
天津大学与清华大学联合发布 首个“双环路”脑机接口系统解决方案问世,https://www.chinanews.com.cn/sh/2025/02-18/10370512.shtml,社会,2-18 18:28
（乡村行·看振兴）江西临川：招才引才用才 探索羊肚菌“致富路”,https://www.chinanews.com.cn/cj/2025/02-18/10370517.shtml,财经,2-18 18:28
河北省纪委原副书记、省监委原副主任陈玉祥受贿案一审开庭,https://www.chinanews.com.cn/gn/2025/02-18/10370510.shtml,时政,2-18 18:26
上海推进直播经济发展 ：杨浦区力争三年成千亿级直播产业新高地,https://www.chinanews.com.cn/cj/2025/02-18/10370518.shtml,财经,2-18 18:26
号称“地球上最聪明的AI”，马斯克发布了,https://www.chinanews.com.cn/cj/2025/02-18/10370513.shtml,财经,2-18 18:21
广西巴马发生3.0级地震 震感明显暂无伤亡损失报告,https://www.chinanews.com.cn/sh/2025/02-18/10370511.shtml,社会,2-18 18:21
A股银行股周二逆势上涨 四大行股价再创新高,https://www.chinanews.com.cn/cj/2025/02-18/10370509.shtml,财经,2-18 18:19
三个角度“听”电影  感受《哪吒》“声命力”,https://www.chinanews.com.cn/cul/2025/02-18/10370508.shtml,文化,2-18 18:19
（碳路中国）瞄准“无废企业”目标 中国最南端燃煤火电厂的减污降碳之路,https://www.chinanews.com.cn/cj/2025/02-18/10370507.shtml,财经,2-18 18:14
江苏“江阴至葡萄牙”集装箱外贸新航线开通,https://www.chinanews.com.cn/cj/2025/02-18/10370501.shtml,财经,2-18 17:58
齐鲁大地复工复产忙 外贸“热引擎”强劲开局,https://www.chinanews.com.cn/cj/2025/02-18/10370500.shtml,财经,2-18 17:57
湖北宜昌：峡江秀色催热三峡春季旅游市场,https://www.chinanews.com.cn/sh/2025/02-18/10370499.shtml,社会,2-18 17:54
青海果洛5种产品入选2024年首批农产品追溯优品名,https://www.chinanews.com.cn/cj/2025/02-18/10370490.shtml,财经,2-18 17:53
生殖医学科专家建议备孕女性要减少塑料制品的使用,https://www.chinanews.com.cn/jk/2025/02-18/10370492.shtml,健康,2-18 17:53
“中原粮仓”雨水启春耕  小麦苗情整体好于常年,https://www.chinanews.com.cn/sh/2025/02-18/10370489.shtml,社会,2-18 17:52
全球最大集装箱班轮公司开通大连至欧洲、地中海远洋航线,https://www.chinanews.com.cn/cj/2025/02-18/10370488.shtml,财经,2-18 17:52
29名法官获评第四届“辽宁省审判业务专家”称号,https://www.chinanews.com.cn/sh/2025/02-18/10370495.shtml,社会,2-18 17:52
2024年上海水上安全形势总体稳定,https://www.chinanews.com.cn/sh/2025/02-18/10370498.shtml,社会,2-18 17:51
第27届上海国际电影节将于2025年6月13日至22日举办,https://www.chinanews.com.cn/cul/2025/02-18/10370487.shtml,文化,2-18 17:51
香港官员：香港在推动人民币国际化进程中的角色至关重要,https://www.chinanews.com.cn/dwq/2025/02-18/10370486.shtml,湾区,2-18 17:50
【向春天，西藏少年】科技馆为我们打开了新世界的大门,https://www.chinanews.com.cn/gn/2025/02-18/10370497.shtml,时政,2-18 17:49
中国灯笼首度点亮巴西利亚国家图书馆,https://www.chinanews.com.cn/hr/2025/02-18/10370485.shtml,华人,2-18 17:49
【向春天，西藏少年】少年有话对祖国说,https://www.chinanews.com.cn/gn/2025/02-18/10370493.shtml,时政,2-18 17:47
广东省潮州市人大常委会原党组副书记、副主任林小群被开除党籍,https://www.chinanews.com.cn/gn/2025/02-18/10370484.shtml,时政,2-18 17:44
好评中国丨村晚“文化热”，激活县域经济春潮,https://www.chinanews.com.cn/ll/2025/02-18/10370483.shtml,理论,2-18 17:37
【有理有句】“哪吒出海”：中国故事，世界表达,https://www.chinanews.com.cn/ll/2025/02-18/10370482.shtml,理论,2-18 17:36
菲律宾1架C-208型机非法闯入中国黄岩岛领空 南部战区回应,https://www.chinanews.com.cn/gn/2025/02-18/10370480.shtml,时政,2-18 17:18
哈萨克斯坦一矿井坍塌致7人遇难 政府成立特别委员会调查,https://www.chinanews.com.cn/gj/2025/02-18/10370432.shtml,国际,2-18 17:14
华大等破译结皮绿藻基因密码 为沙漠改造提供科学支撑,https://www.chinanews.com.cn/gn/2025/02-18/10370478.shtml,时政,2-18 17:10
我国首部聚焦辽宁古生物化石的学术与科普专著出版,https://www.chinanews.com.cn/cul/2025/02-18/10370476.shtml,文化,2-18 17:08
2024年前11月全国检察机关共办理行政检察监督案件17万余件,https://www.chinanews.com.cn/fz/2025/02-18/10370474.shtml,法治,2-18 17:03
非法收受财物3000万余元 陈玉祥受贿案一审开庭,https://www.chinanews.com.cn/gn/2025/02-18/10370477.shtml,时政,2-18 17:01
广州2024年各口岸出入境外国人同比增加90.5%,https://www.chinanews.com.cn/sh/2025/02-18/10370466.shtml,社会,2-18 17:01
福州海警无害化销毁走私冻品330余吨 案值约2000万元,https://www.chinanews.com.cn/sh/2025/02-18/10370472.shtml,社会,2-18 17:00
拓宽微短剧表达新视野 《暗夜玫瑰》上线,https://www.chinanews.com.cn/cul/2025/02-18/10370475.shtml,文化,2-18 16:59
安徽一医院让急诊病人在普通采血窗口抽血？院方回应,https://www.chinanews.com.cn/sh/2025/02-18/10370465.shtml,社会,2-18 16:57
宁夏新发现不可移动文物线索322条,https://www.chinanews.com.cn/cul/2025/02-18/10370469.shtml,文化,2-18 16:56
解码《纲要》⑥ | 推广普及国家通用语言文字,https://www.chinanews.com.cn/edu/2025/02-18/10370471.shtml,教育,2-18 16:56
（乡村行·看振兴）安徽休宁：“小”猕猴桃种出“大”产业链,https://www.chinanews.com.cn/sh/2025/02-18/10370467.shtml,社会,2-18 16:55
喝苏打水能降尿酸……是真是假？,https://www.chinanews.com.cn/jk/2025/02-18/10370464.shtml,健康,2-18 16:48
开学必读：运动护眼强身，为学习加分！,https://www.chinanews.com.cn/jk/2025/02-18/10370463.shtml,健康,2-18 16:44
“空中造楼机”助力广州首个旧城改造项目“加速跑”,https://www.chinanews.com.cn/sh/2025/02-18/10370456.shtml,社会,2-18 16:38
铁路女特警余艳玲：从恐高女孩到“铿锵玫瑰”,https://www.chinanews.com.cn/sh/2025/02-18/10370451.shtml,社会,2-18 16:36
香港特首会同行会接纳调升最低工资至每小时42.1港元的建议,https://www.chinanews.com.cn/dwq/2025/02-18/10370458.shtml,湾区,2-18 16:35
1月中国铁路旅客发送量同比增长12.1%,https://www.chinanews.com.cn/cj/2025/02-18/10370459.shtml,财经,2-18 16:34
中国对美实施贸易反制具有正当性,https://www.chinanews.com.cn/cj/2025/02-18/10370461.shtml,财经,2-18 16:34
港澳青年创客之家在穗揭牌,https://www.chinanews.com.cn/dwq/2025/02-18/10370457.shtml,湾区,2-18 16:33
广西加强与老挝药用植物资源保护及高层次人才交流合作,https://www.chinanews.com.cn/cj/2025/02-18/10370454.shtml,财经,2-18 16:30
地中海航运在大连港开通“大连--欧洲、大连--地中海”2条集装箱航线,https://www.chinanews.com.cn/cj/2025/02-18/10370455.shtml,财经,2-18 16:30
第一视点丨不灭窑火 生生不息,https://www.chinanews.com.cn/gn/2025/02-18/10370460.shtml,时政,2-18 16:30
第一观察丨这场民营企业座谈会释放重要信号,https://www.chinanews.com.cn/gn/2025/02-18/10370452.shtml,时政,2-18 16:24
吊龙“舞出”混天绫 中国餐饮巧借“哪吒”提升情价比,https://www.chinanews.com.cn/sh/2025/02-18/10370448.shtml,社会,2-18 16:22
北京力争今年有效绿色技术发明专利数量同比增长约10%,https://www.chinanews.com.cn/gn/2025/02-18/10370434.shtml,时政,2-18 16:22
侨见海南自贸港：陵水黎安国际教育创新试验区受关注,https://www.chinanews.com.cn/hr/2025/02-18/10370446.shtml,华人,2-18 16:20
新学期，北京中小学食堂上新“创意菜”,https://www.chinanews.com.cn/edu/2025/02-18/10370421.shtml,教育,2-18 16:20
澳门举行《关于修订＜CEPA服务贸易协议＞的协议二》宣讲会,https://www.chinanews.com.cn/dwq/2025/02-18/10370435.shtml,湾区,2-18 16:20
科技创新活力涌动 北京昌平打造产教融合未来新城,https://www.chinanews.com.cn/cj/2025/02-18/10370442.shtml,财经,2-18 16:19
香港正考虑推动黄金代币化,https://www.chinanews.com.cn/dwq/2025/02-18/10370429.shtml,湾区,2-18 16:19
西藏自治区政府原副主席王勇被公诉,https://www.chinanews.com.cn/gn/2025/02-18/10370436.shtml,时政,2-18 16:19
外交部：无论国际形势如何变化，中方始终为和平奔走,https://www.chinanews.com.cn/gn/2025/02-18/10370447.shtml,时政,2-18 16:17
外媒：俄美会谈在沙特开始举行,https://www.chinanews.com.cn/gj/2025/02-18/10370443.shtml,国际,2-18 16:17
加拿大多伦多举行“欢乐春节”2025青少年冰上春晚,https://www.chinanews.com.cn/hr/2025/02-18/10370431.shtml,华人,2-18 16:16
外交部：亚太地区是各国发展的高地，不应成为地缘政治对抗的棋局,https://www.chinanews.com.cn/gn/2025/02-18/10370441.shtml,时政,2-18 16:16
江苏省靖江市委书记张长平接受审查调查,https://www.chinanews.com.cn/gn/2025/02-18/10370437.shtml,时政,2-18 16:16
中国援加沙地带紧急人道物资从约旦启运 首批约1.2万个食品包,https://www.chinanews.com.cn/gj/2025/02-18/10370438.shtml,国际,2-18 16:15
山东省政协原常委、文化文史和学习委员会原副主任边祥慧受贿案一审公开宣判,https://www.chinanews.com.cn/gn/2025/02-18/10370425.shtml,时政,2-18 16:14
香港公屋一般申请者轮候时间降至5.3年,https://www.chinanews.com.cn/dwq/2025/02-18/10370428.shtml,湾区,2-18 16:14
中国研究团队发现常压下镍氧化物具高温超导电性,https://www.chinanews.com.cn/gn/2025/02-18/10370427.shtml,时政,2-18 16:12
中方敦促叙利亚新政权积极回应国际社会的反恐关切,https://www.chinanews.com.cn/gn/2025/02-18/10370433.shtml,时政,2-18 16:09
关中平原春耕忙 尽显“科技范”,https://www.chinanews.com.cn/sh/2025/02-18/10370426.shtml,社会,2-18 16:08
俄美会谈在沙特开始举行,https://www.chinanews.com.cn/gj/2025/02-18/10370430.shtml,国际,2-18 16:08
宁夏制定《条例》开启国土空间规划管理新篇章,https://www.chinanews.com.cn/sh/2025/02-18/10370419.shtml,社会,2-18 16:03
北京“一街一策”推进区域交通综合治理,https://www.chinanews.com.cn/sh/2025/02-18/10370417.shtml,社会,2-18 16:02
外交部：中方一贯对中朝各领域交流合作持积极态度,https://www.chinanews.com.cn/gn/2025/02-18/10370424.shtml,时政,2-18 16:00
浙南海畔起“新潮”：“新农人”跨界“玩海”解锁新机遇,https://www.chinanews.com.cn/sh/2025/02-18/10370416.shtml,社会,2-18 16:00
中方：保护主义没有出路 贸易战、关税战没有赢家,https://www.chinanews.com.cn/gn/2025/02-18/10370423.shtml,时政,2-18 15:59
浙江队结束冬训回杭再开练 联赛首战将对阵“升班马”,https://www.chinanews.com.cn/ty/2025/02-18/10370415.shtml,体育,2-18 15:57
一只羊串起“共富链” 浙江桐乡“兴羊富农”促增收,https://www.chinanews.com.cn/sh/2025/02-18/10370413.shtml,社会,2-18 15:56
中国是否考虑向乌克兰派遣维和部队？外交部回应,https://www.chinanews.com.cn/gn/2025/02-18/10370418.shtml,时政,2-18 15:54
（乡村行·看振兴）养殖与旅游并重 浙江“海上畲乡”探索共富密码,https://www.chinanews.com.cn/sh/2025/02-18/10370410.shtml,社会,2-18 15:53
时隔两年手机市场止跌回升，今年迎来“换机潮”？,https://www.chinanews.com.cn/cj/2025/02-18/10370406.shtml,财经,2-18 15:48
俄美举行会谈 中方：乐见一切致力于和平的努力,https://www.chinanews.com.cn/gn/2025/02-18/10370414.shtml,时政,2-18 15:48
多家外媒称中美在拉美地区竞争加剧 中国外交部回应,https://www.chinanews.com.cn/gn/2025/02-18/10370412.shtml,时政,2-18 15:47
中国新疆乌尔禾翼龙动物群发现新属种翼龙 距今约1.35亿年,https://www.chinanews.com.cn/sh/2025/02-18/10370405.shtml,社会,2-18 15:47
山东晒2024年考古“成绩单” 主动发掘项目数量为历年最多,https://www.chinanews.com.cn/sh/2025/02-18/10370404.shtml,社会,2-18 15:46
“每20个80后就有1人去世”？谣言！罪魁祸首可能是AI,https://www.chinanews.com.cn/sh/2025/02-18/10370411.shtml,社会,2-18 15:44
广西巴马发生3.0级地震,https://www.chinanews.com.cn/sh/2025/02-18/10370403.shtml,社会,2-18 15:44
好评中国丨春山可望，民营企业大显身手正当时,https://www.chinanews.com.cn/gn/2025/02-18/10370408.shtml,时政,2-18 15:39
上海幼儿园、中小学开学季：温度与深度并存,https://www.chinanews.com.cn/sh/2025/02-18/10370398.shtml,社会,2-18 15:39
AI提画笔 大家怎么看？,https://www.chinanews.com.cn/cul/2025/02-18/10370397.shtml,文化,2-18 15:27
“00后”大学生追梦戏曲 探寻古戏新唱,https://www.chinanews.com.cn/cul/2025/02-18/10370400.shtml,文化,2-18 15:23
辩证看待发展中的困难和挑战（思想纵横）,https://www.chinanews.com.cn/ll/2025/02-18/10370401.shtml,理论,2-18 15:22
中国国家公共数据资源登记平台将于3月上线,https://www.chinanews.com.cn/cj/2025/02-18/10370395.shtml,财经,2-18 15:21
在家门口就业、10秒简历速达 @求职者：春季招聘等你来！,https://www.chinanews.com.cn/sh/2025/02-18/10370399.shtml,社会,2-18 15:20
“让美国再次伟大”，还是再次涨价？｜新漫评,https://www.chinanews.com.cn/gj/2025/02-18/10370394.shtml,国际,2-18 15:20
“外贸繁荣+冰雪热潮” 我国基建迎新年开门红,https://www.chinanews.com.cn/cj/2025/02-18/10370396.shtml,财经,2-18 15:13
最新AI大模型来了！马斯克发布Grok 3聊天机器人,https://www.chinanews.com.cn/cj/2025/02-18/10370361.shtml,财经,2-18 15:12
